"filename", "language", "GDResource", "GDScene", "Markdown", "gdshader", "GDScript", "Properties", "JSON", "XML", "comment", "blank", "total"
"e:\Projects\ArkPvZ\README.md", "Markdown", 0, 0, 57, 0, 0, 0, 0, 0, 0, 31, 88
"e:\Projects\ArkPvZ\addons\DragNDropNodes\class_tree.gd", "GDScript", 0, 0, 0, 0, 414, 0, 0, 0, 5, 34, 453
"e:\Projects\ArkPvZ\addons\DragNDropNodes\icon.svg", "XML", 0, 0, 0, 0, 0, 0, 0, 1, 0, 1, 2
"e:\Projects\ArkPvZ\addons\DragNDropNodes\icon.svg.import", "GDResource", 38, 0, 0, 0, 0, 0, 0, 0, 0, 6, 44
"e:\Projects\ArkPvZ\addons\DragNDropNodes\plugin.cfg", "Properties", 0, 0, 0, 0, 0, 8, 0, 0, 0, 2, 10
"e:\Projects\ArkPvZ\addons\DragNDropNodes\plugin_script.gd", "GDScript", 0, 0, 0, 0, 17, 0, 0, 0, 0, 6, 23
"e:\Projects\ArkPvZ\addons\R2Ga_PVZ\R2Ga_PVZ.gd", "GDScript", 0, 0, 0, 0, 12, 0, 0, 0, 0, 6, 18
"e:\Projects\ArkPvZ\addons\R2Ga_PVZ\plugin.cfg", "Properties", 0, 0, 0, 0, 0, 6, 0, 0, 0, 2, 8
"e:\Projects\ArkPvZ\addons\R2Ga_PVZ\ui\main_panel.gd", "GDScript", 0, 0, 0, 0, 165, 0, 0, 0, 48, 54, 267
"e:\Projects\ArkPvZ\addons\R2Ga_PVZ\ui\main_panel.tscn", "GDScene", 0, 253, 0, 0, 0, 0, 0, 0, 0, 59, 312
"e:\Projects\ArkPvZ\addons\R2Ga_PVZ\ui\new_style_box_flat.tres", "GDResource", 12, 0, 0, 0, 0, 0, 0, 0, 0, 2, 14
"e:\Projects\ArkPvZ\addons\SignalVisualizer\Clear.svg", "XML", 0, 0, 0, 0, 0, 0, 0, 1, 0, 1, 2
"e:\Projects\ArkPvZ\addons\SignalVisualizer\Clear.svg.import", "GDResource", 38, 0, 0, 0, 0, 0, 0, 0, 0, 6, 44
"e:\Projects\ArkPvZ\addons\SignalVisualizer\Common\signal_connection.gd", "GDScript", 0, 0, 0, 0, 29, 0, 0, 0, 16, 14, 59
"e:\Projects\ArkPvZ\addons\SignalVisualizer\Common\signal_description.gd", "GDScript", 0, 0, 0, 0, 26, 0, 0, 0, 16, 15, 57
"e:\Projects\ArkPvZ\addons\SignalVisualizer\Common\signal_graph.gd", "GDScript", 0, 0, 0, 0, 26, 0, 0, 0, 16, 12, 54
"e:\Projects\ArkPvZ\addons\SignalVisualizer\Common\signal_graph_utility.gd", "GDScript", 0, 0, 0, 0, 133, 0, 0, 0, 2, 36, 171
"e:\Projects\ArkPvZ\addons\SignalVisualizer\Debugger\SignalDebugger.gd", "GDScript", 0, 0, 0, 0, 65, 0, 0, 0, 66, 16, 147
"e:\Projects\ArkPvZ\addons\SignalVisualizer\Debugger\SignalDebugger.tscn", "GDScene", 0, 82, 0, 0, 0, 0, 0, 0, 0, 16, 98
"e:\Projects\ArkPvZ\addons\SignalVisualizer\Debugger\signal_debugger_panel.gd", "GDScript", 0, 0, 0, 0, 138, 0, 0, 0, 18, 37, 193
"e:\Projects\ArkPvZ\addons\SignalVisualizer\GraphEdit.svg", "XML", 0, 0, 0, 0, 0, 0, 0, 1, 0, 1, 2
"e:\Projects\ArkPvZ\addons\SignalVisualizer\GraphEdit.svg.import", "GDResource", 38, 0, 0, 0, 0, 0, 0, 0, 0, 6, 44
"e:\Projects\ArkPvZ\addons\SignalVisualizer\Play.svg", "XML", 0, 0, 0, 0, 0, 0, 0, 1, 0, 1, 2
"e:\Projects\ArkPvZ\addons\SignalVisualizer\Play.svg.import", "GDResource", 38, 0, 0, 0, 0, 0, 0, 0, 0, 6, 44
"e:\Projects\ArkPvZ\addons\SignalVisualizer\SignalVisualizer.gd", "GDScript", 0, 0, 0, 0, 111, 0, 0, 0, 16, 36, 163
"e:\Projects\ArkPvZ\addons\SignalVisualizer\Stop.svg", "XML", 0, 0, 0, 0, 0, 0, 0, 1, 0, 1, 2
"e:\Projects\ArkPvZ\addons\SignalVisualizer\Stop.svg.import", "GDResource", 38, 0, 0, 0, 0, 0, 0, 0, 0, 6, 44
"e:\Projects\ArkPvZ\addons\SignalVisualizer\Visualizer\resizable_label.gd", "GDScript", 0, 0, 0, 0, 4, 0, 0, 0, 16, 12, 32
"e:\Projects\ArkPvZ\addons\SignalVisualizer\Visualizer\signal_graph_node.gd", "GDScript", 0, 0, 0, 0, 54, 0, 0, 0, 16, 25, 95
"e:\Projects\ArkPvZ\addons\SignalVisualizer\Visualizer\signal_graph_node.tscn", "GDScene", 0, 9, 0, 0, 0, 0, 0, 0, 0, 4, 13
"e:\Projects\ArkPvZ\addons\SignalVisualizer\Visualizer\signal_graph_node_item.gd", "GDScript", 0, 0, 0, 0, 27, 0, 0, 0, 16, 15, 58
"e:\Projects\ArkPvZ\addons\SignalVisualizer\Visualizer\signal_graph_node_item.tscn", "GDScene", 0, 37, 0, 0, 0, 0, 0, 0, 0, 7, 44
"e:\Projects\ArkPvZ\addons\SignalVisualizer\Visualizer\signal_visualizer_dock.gd", "GDScript", 0, 0, 0, 0, 33, 0, 0, 0, 16, 19, 68
"e:\Projects\ArkPvZ\addons\SignalVisualizer\Visualizer\signal_visualizer_dock.tscn", "GDScene", 0, 64, 0, 0, 0, 0, 0, 0, 0, 15, 79
"e:\Projects\ArkPvZ\addons\SignalVisualizer\plugin.cfg", "Properties", 0, 0, 0, 0, 0, 6, 0, 0, 0, 2, 8
"e:\Projects\ArkPvZ\addons\anim_delete_track\anim_delete_track.gd", "GDScript", 0, 0, 0, 0, 12, 0, 0, 0, 0, 6, 18
"e:\Projects\ArkPvZ\addons\anim_delete_track\plugin.cfg", "Properties", 0, 0, 0, 0, 0, 6, 0, 0, 0, 2, 8
"e:\Projects\ArkPvZ\addons\anim_delete_track\ui\main_panel.gd", "GDScript", 0, 0, 0, 0, 108, 0, 0, 0, 8, 32, 148
"e:\Projects\ArkPvZ\addons\anim_delete_track\ui\main_panel.tscn", "GDScene", 0, 112, 0, 0, 0, 0, 0, 0, 0, 29, 141
"e:\Projects\ArkPvZ\addons\anim_free_common_tracks\anim_free.gd", "GDScript", 0, 0, 0, 0, 12, 0, 0, 0, 0, 4, 16
"e:\Projects\ArkPvZ\addons\anim_free_common_tracks\plugin.cfg", "Properties", 0, 0, 0, 0, 0, 6, 0, 0, 0, 2, 8
"e:\Projects\ArkPvZ\addons\anim_free_common_tracks\ui\main_panel.gd", "GDScript", 0, 0, 0, 0, 266, 0, 0, 0, 0, 49, 315
"e:\Projects\ArkPvZ\addons\anim_free_common_tracks\ui\main_panel.tscn", "GDScene", 0, 147, 0, 0, 0, 0, 0, 0, 0, 35, 182
"e:\Projects\ArkPvZ\addons\anim_player_refactor\lib\anim_player_refactor.gd", "GDScript", 0, 0, 0, 0, 136, 0, 0, 0, 9, 63, 208
"e:\Projects\ArkPvZ\addons\anim_player_refactor\lib\editor_util.gd", "GDScript", 0, 0, 0, 0, 42, 0, 0, 0, 5, 18, 65
"e:\Projects\ArkPvZ\addons\anim_player_refactor\plugin.cfg", "Properties", 0, 0, 0, 0, 0, 6, 0, 0, 0, 2, 8
"e:\Projects\ArkPvZ\addons\anim_player_refactor\plugin.gd", "GDScript", 0, 0, 0, 0, 95, 0, 0, 0, 9, 40, 144
"e:\Projects\ArkPvZ\addons\anim_player_refactor\scenes\autocomplete\autocomplete.gd", "GDScript", 0, 0, 0, 0, 12, 0, 0, 0, 0, 6, 18
"e:\Projects\ArkPvZ\addons\anim_player_refactor\scenes\autocomplete\autocomplete_option.gd", "GDScript", 0, 0, 0, 0, 31, 0, 0, 0, 5, 15, 51
"e:\Projects\ArkPvZ\addons\anim_player_refactor\scenes\inspector_button\inspector_button.gd", "GDScript", 0, 0, 0, 0, 29, 0, 0, 0, 0, 9, 38
"e:\Projects\ArkPvZ\addons\anim_player_refactor\scenes\refactor_dialogue\components\anim_player_tree.gd", "GDScript", 0, 0, 0, 0, 130, 0, 0, 0, 9, 38, 177
"e:\Projects\ArkPvZ\addons\anim_player_refactor\scenes\refactor_dialogue\components\edit_info.gd", "GDScript", 0, 0, 0, 0, 13, 0, 0, 0, 6, 8, 27
"e:\Projects\ArkPvZ\addons\anim_player_refactor\scenes\refactor_dialogue\components\node_select.gd", "GDScript", 0, 0, 0, 0, 21, 0, 0, 0, 0, 10, 31
"e:\Projects\ArkPvZ\addons\anim_player_refactor\scenes\refactor_dialogue\refactor_dialogue.gd", "GDScript", 0, 0, 0, 0, 171, 0, 0, 0, 9, 55, 235
"e:\Projects\ArkPvZ\addons\anim_player_refactor\scenes\refactor_dialogue\refactor_dialogue.tscn", "GDScene", 0, 129, 0, 0, 0, 0, 0, 0, 0, 29, 158
"e:\Projects\ArkPvZ\addons\calculate_roration\calculate_roration.gd", "GDScript", 0, 0, 0, 0, 9, 0, 0, 0, 1, 5, 15
"e:\Projects\ArkPvZ\addons\calculate_roration\plugin.cfg", "Properties", 0, 0, 0, 0, 0, 6, 0, 0, 0, 2, 8
"e:\Projects\ArkPvZ\addons\calculate_roration\ui\CR_main_ui.tscn", "GDScene", 0, 35, 0, 0, 0, 0, 0, 0, 0, 11, 46
"e:\Projects\ArkPvZ\addons\calculate_roration\ui\cr_main_ui.gd", "GDScript", 0, 0, 0, 0, 27, 0, 0, 0, 0, 7, 34
"e:\Projects\ArkPvZ\addons\script-ide\README.md", "Markdown", 0, 0, 58, 0, 0, 0, 0, 0, 0, 12, 70
"e:\Projects\ArkPvZ\addons\script-ide\icon\class.svg", "XML", 0, 0, 0, 0, 0, 0, 0, 1, 0, 1, 2
"e:\Projects\ArkPvZ\addons\script-ide\icon\class.svg.import", "GDResource", 39, 0, 0, 0, 0, 0, 0, 0, 0, 6, 45
"e:\Projects\ArkPvZ\addons\script-ide\icon\constant.svg", "XML", 0, 0, 0, 0, 0, 0, 0, 1, 0, 1, 2
"e:\Projects\ArkPvZ\addons\script-ide\icon\constant.svg.import", "GDResource", 39, 0, 0, 0, 0, 0, 0, 0, 0, 6, 45
"e:\Projects\ArkPvZ\addons\script-ide\icon\engine_func.svg", "XML", 0, 0, 0, 0, 0, 0, 0, 1, 0, 1, 2
"e:\Projects\ArkPvZ\addons\script-ide\icon\engine_func.svg.import", "GDResource", 39, 0, 0, 0, 0, 0, 0, 0, 0, 6, 45
"e:\Projects\ArkPvZ\addons\script-ide\icon\export.svg", "XML", 0, 0, 0, 0, 0, 0, 0, 1, 0, 1, 2
"e:\Projects\ArkPvZ\addons\script-ide\icon\export.svg.import", "GDResource", 39, 0, 0, 0, 0, 0, 0, 0, 0, 6, 45
"e:\Projects\ArkPvZ\addons\script-ide\icon\func.svg", "XML", 0, 0, 0, 0, 0, 0, 0, 1, 0, 1, 2
"e:\Projects\ArkPvZ\addons\script-ide\icon\func.svg.import", "GDResource", 39, 0, 0, 0, 0, 0, 0, 0, 0, 6, 45
"e:\Projects\ArkPvZ\addons\script-ide\icon\func_get.svg", "XML", 0, 0, 0, 0, 0, 0, 0, 1, 0, 1, 2
"e:\Projects\ArkPvZ\addons\script-ide\icon\func_get.svg.import", "GDResource", 39, 0, 0, 0, 0, 0, 0, 0, 0, 6, 45
"e:\Projects\ArkPvZ\addons\script-ide\icon\func_set.svg", "XML", 0, 0, 0, 0, 0, 0, 0, 1, 0, 1, 2
"e:\Projects\ArkPvZ\addons\script-ide\icon\func_set.svg.import", "GDResource", 39, 0, 0, 0, 0, 0, 0, 0, 0, 6, 45
"e:\Projects\ArkPvZ\addons\script-ide\icon\property.svg", "XML", 0, 0, 0, 0, 0, 0, 0, 1, 0, 1, 2
"e:\Projects\ArkPvZ\addons\script-ide\icon\property.svg.import", "GDResource", 39, 0, 0, 0, 0, 0, 0, 0, 0, 6, 45
"e:\Projects\ArkPvZ\addons\script-ide\icon\signal.svg", "XML", 0, 0, 0, 0, 0, 0, 0, 1, 0, 1, 2
"e:\Projects\ArkPvZ\addons\script-ide\icon\signal.svg.import", "GDResource", 39, 0, 0, 0, 0, 0, 0, 0, 0, 6, 45
"e:\Projects\ArkPvZ\addons\script-ide\override\override_panel.gd", "GDScript", 0, 0, 0, 0, 252, 0, 0, 0, 5, 86, 343
"e:\Projects\ArkPvZ\addons\script-ide\override\override_panel.tscn", "GDScene", 0, 48, 0, 0, 0, 0, 0, 0, 0, 12, 60
"e:\Projects\ArkPvZ\addons\script-ide\plugin.cfg", "Properties", 0, 0, 0, 0, 0, 6, 0, 0, 0, 2, 8
"e:\Projects\ArkPvZ\addons\script-ide\plugin.gd", "GDScript", 0, 0, 0, 0, 866, 0, 0, 0, 96, 267, 1229
"e:\Projects\ArkPvZ\addons\script-ide\quickopen\quick_open_panel.gd", "GDScript", 0, 0, 0, 0, 178, 0, 0, 0, 17, 60, 255
"e:\Projects\ArkPvZ\addons\script-ide\quickopen\quick_open_panel.tscn", "GDScene", 0, 126, 0, 0, 0, 0, 0, 0, 0, 23, 149
"e:\Projects\ArkPvZ\addons\script-ide\tabbar\custom_tab.gd", "GDScript", 0, 0, 0, 0, 64, 0, 0, 0, 0, 22, 86
"e:\Projects\ArkPvZ\addons\script-ide\tabbar\multiline_tab_container.gd", "GDScript", 0, 0, 0, 0, 302, 0, 0, 0, 11, 118, 431
"e:\Projects\ArkPvZ\addons\script-ide\tabbar\multiline_tab_container.tscn", "GDScene", 0, 34, 0, 0, 0, 0, 0, 0, 0, 7, 41
"e:\Projects\ArkPvZ\addons\sprite_painter\LICENSE.md", "Markdown", 0, 0, 5, 0, 0, 0, 0, 0, 0, 5, 10
"e:\Projects\ArkPvZ\addons\sprite_painter\editor_icon_button.gd", "GDScript", 0, 0, 0, 0, 9, 0, 0, 0, 2, 6, 17
"e:\Projects\ArkPvZ\addons\sprite_painter\graphics\circle_shape_2d.svg", "XML", 0, 0, 0, 0, 0, 0, 0, 1, 0, 1, 2
"e:\Projects\ArkPvZ\addons\sprite_painter\graphics\circle_shape_2d.svg.import", "GDResource", 38, 0, 0, 0, 0, 0, 0, 0, 0, 6, 44
"e:\Projects\ArkPvZ\addons\sprite_painter\graphics\curve_texture.tres", "GDResource", 11, 0, 0, 0, 0, 0, 0, 0, 0, 3, 14
"e:\Projects\ArkPvZ\addons\sprite_painter\graphics\diags.png.import", "GDResource", 35, 0, 0, 0, 0, 0, 0, 0, 0, 6, 41
"e:\Projects\ArkPvZ\addons\sprite_painter\graphics\diamond_shape_2d.svg", "XML", 0, 0, 0, 0, 0, 0, 0, 48, 0, 1, 49
"e:\Projects\ArkPvZ\addons\sprite_painter\graphics\diamond_shape_2d.svg.import", "GDResource", 38, 0, 0, 0, 0, 0, 0, 0, 0, 6, 44
"e:\Projects\ArkPvZ\addons\sprite_painter\graphics\distraction_free.tres", "GDResource", 11, 0, 0, 0, 0, 0, 0, 0, 0, 3, 14
"e:\Projects\ArkPvZ\addons\sprite_painter\graphics\h_size.tres", "GDResource", 11, 0, 0, 0, 0, 0, 0, 0, 0, 3, 14
"e:\Projects\ArkPvZ\addons\sprite_painter\graphics\hex_shape_2d.svg", "XML", 0, 0, 0, 0, 0, 0, 0, 41, 0, 1, 42
"e:\Projects\ArkPvZ\addons\sprite_painter\graphics\hex_shape_2d.svg.import", "GDResource", 38, 0, 0, 0, 0, 0, 0, 0, 0, 6, 44
"e:\Projects\ArkPvZ\addons\sprite_painter\graphics\mesh_texture.tres", "GDResource", 11, 0, 0, 0, 0, 0, 0, 0, 0, 3, 14
"e:\Projects\ArkPvZ\addons\sprite_painter\graphics\rect_shape_2d.svg", "XML", 0, 0, 0, 0, 0, 0, 0, 1, 0, 1, 2
"e:\Projects\ArkPvZ\addons\sprite_painter\graphics\rect_shape_2d.svg.import", "GDResource", 38, 0, 0, 0, 0, 0, 0, 0, 0, 6, 44
"e:\Projects\ArkPvZ\addons\sprite_painter\graphics\rotate_left.tres", "GDResource", 11, 0, 0, 0, 0, 0, 0, 0, 0, 3, 14
"e:\Projects\ArkPvZ\addons\sprite_painter\graphics\rotate_right.tres", "GDResource", 11, 0, 0, 0, 0, 0, 0, 0, 0, 3, 14
"e:\Projects\ArkPvZ\addons\sprite_painter\graphics\tool_scale.tres", "GDResource", 11, 0, 0, 0, 0, 0, 0, 0, 0, 3, 14
"e:\Projects\ArkPvZ\addons\sprite_painter\graphics\triangle_shape_2d.svg", "XML", 0, 0, 0, 0, 0, 0, 0, 40, 0, 1, 41
"e:\Projects\ArkPvZ\addons\sprite_painter\graphics\triangle_shape_2d.svg.import", "GDResource", 38, 0, 0, 0, 0, 0, 0, 0, 0, 6, 44
"e:\Projects\ArkPvZ\addons\sprite_painter\image_scripts\Adjust HSV.gd", "GDScript", 0, 0, 0, 0, 33, 0, 0, 0, 0, 6, 39
"e:\Projects\ArkPvZ\addons\sprite_painter\image_scripts\Channel Curves.gd", "GDScript", 0, 0, 0, 0, 47, 0, 0, 0, 0, 6, 53
"e:\Projects\ArkPvZ\addons\sprite_painter\image_scripts\Constrain to Palette.gd", "GDScript", 0, 0, 0, 0, 51, 0, 0, 0, 5, 13, 69
"e:\Projects\ArkPvZ\addons\sprite_painter\image_scripts\Outline.gd", "GDScript", 0, 0, 0, 0, 73, 0, 0, 0, 2, 13, 88
"e:\Projects\ArkPvZ\addons\sprite_painter\image_scripts\Silhouette Normal Map (WIP).gd", "GDScript", 0, 0, 0, 0, 117, 0, 0, 0, 1, 23, 141
"e:\Projects\ArkPvZ\addons\sprite_painter\plugin.cfg", "Properties", 0, 0, 0, 0, 0, 7, 0, 0, 0, 3, 10
"e:\Projects\ArkPvZ\addons\sprite_painter\plugin.gd", "GDScript", 0, 0, 0, 0, 129, 0, 0, 0, 5, 48, 182
"e:\Projects\ArkPvZ\addons\sprite_painter\shaders\gradient.tres", "GDResource", 51, 0, 0, 0, 0, 0, 0, 0, 0, 10, 61
"e:\Projects\ArkPvZ\addons\sprite_painter\shaders\line.tres", "GDResource", 30, 0, 0, 0, 0, 0, 0, 0, 0, 9, 39
"e:\Projects\ArkPvZ\addons\sprite_painter\shaders\shape.tres", "GDResource", 109, 0, 0, 0, 0, 0, 0, 0, 0, 19, 128
"e:\Projects\ArkPvZ\addons\sprite_painter\src\editing_tool.gd", "GDScript", 0, 0, 0, 0, 283, 0, 0, 0, 1, 86, 370
"e:\Projects\ArkPvZ\addons\sprite_painter\src\editing_tools\tool_brush.gd", "GDScript", 0, 0, 0, 0, 202, 0, 0, 0, 15, 48, 265
"e:\Projects\ArkPvZ\addons\sprite_painter\src\editing_tools\tool_brush_clone.gd", "GDScript", 0, 0, 0, 0, 60, 0, 0, 0, 1, 21, 82
"e:\Projects\ArkPvZ\addons\sprite_painter\src\editing_tools\tool_brush_normalmap.gd", "GDScript", 0, 0, 0, 0, 58, 0, 0, 0, 0, 21, 79
"e:\Projects\ArkPvZ\addons\sprite_painter\src\editing_tools\tool_brush_shading.gd", "GDScript", 0, 0, 0, 0, 36, 0, 0, 0, 0, 11, 47
"e:\Projects\ArkPvZ\addons\sprite_painter\src\editing_tools\tool_bucket.gd", "GDScript", 0, 0, 0, 0, 67, 0, 0, 0, 0, 19, 86
"e:\Projects\ArkPvZ\addons\sprite_painter\src\editing_tools\tool_gradient.gd", "GDScript", 0, 0, 0, 0, 150, 0, 0, 0, 0, 37, 187
"e:\Projects\ArkPvZ\addons\sprite_painter\src\editing_tools\tool_line.gd", "GDScript", 0, 0, 0, 0, 39, 0, 0, 0, 0, 11, 50
"e:\Projects\ArkPvZ\addons\sprite_painter\src\editing_tools\tool_pencil.gd", "GDScript", 0, 0, 0, 0, 77, 0, 0, 0, 0, 22, 99
"e:\Projects\ArkPvZ\addons\sprite_painter\src\editing_tools\tool_scripting.gd", "GDScript", 0, 0, 0, 0, 106, 0, 0, 0, 2, 31, 139
"e:\Projects\ArkPvZ\addons\sprite_painter\src\editing_tools\tool_select.gd", "GDScript", 0, 0, 0, 0, 171, 0, 0, 0, 4, 45, 220
"e:\Projects\ArkPvZ\addons\sprite_painter\src\editing_tools\tool_shape.gd", "GDScript", 0, 0, 0, 0, 128, 0, 0, 0, 0, 28, 156
"e:\Projects\ArkPvZ\addons\sprite_painter\src\editing_tools\tool_wand.gd", "GDScript", 0, 0, 0, 0, 63, 0, 0, 0, 0, 11, 74
"e:\Projects\ArkPvZ\addons\sprite_painter\src\fill_tools.gd", "GDScript", 0, 0, 0, 0, 92, 0, 0, 0, 0, 22, 114
"e:\Projects\ArkPvZ\addons\sprite_painter\src\floating\color_picker.gd", "GDScript", 0, 0, 0, 0, 117, 0, 0, 0, 1, 51, 169
"e:\Projects\ArkPvZ\addons\sprite_painter\src\floating\color_picker.tscn", "GDScene", 0, 446, 0, 0, 0, 0, 0, 0, 0, 85, 531
"e:\Projects\ArkPvZ\addons\sprite_painter\src\floating\tool_switcher.gd", "GDScript", 0, 0, 0, 0, 105, 0, 0, 0, 2, 39, 146
"e:\Projects\ArkPvZ\addons\sprite_painter\src\floating\type_context\context_spriteframes.gd", "GDScript", 0, 0, 0, 0, 51, 0, 0, 0, 0, 19, 70
"e:\Projects\ArkPvZ\addons\sprite_painter\src\floating\type_context\context_tileset.gd", "GDScript", 0, 0, 0, 0, 34, 0, 0, 0, 0, 15, 49
"e:\Projects\ArkPvZ\addons\sprite_painter\src\floating\type_context_settings.gd", "GDScript", 0, 0, 0, 0, 60, 0, 0, 0, 0, 26, 86
"e:\Projects\ArkPvZ\addons\sprite_painter\src\floating\type_context_settings.tscn", "GDScene", 0, 144, 0, 0, 0, 0, 0, 0, 0, 29, 173
"e:\Projects\ArkPvZ\addons\sprite_painter\src\image_script.gd", "GDScript", 0, 0, 0, 0, 29, 0, 0, 0, 18, 8, 55
"e:\Projects\ArkPvZ\addons\sprite_painter\src\image_transform_menu.gd", "GDScript", 0, 0, 0, 0, 153, 0, 0, 0, 3, 47, 203
"e:\Projects\ArkPvZ\addons\sprite_painter\src\image_view\image_grid_view.gd", "GDScript", 0, 0, 0, 0, 62, 0, 0, 0, 0, 11, 73
"e:\Projects\ArkPvZ\addons\sprite_painter\src\image_view\image_selection_view.gd", "GDScript", 0, 0, 0, 0, 25, 0, 0, 0, 0, 15, 40
"e:\Projects\ArkPvZ\addons\sprite_painter\src\image_view\image_tool_preview.gd", "GDScript", 0, 0, 0, 0, 9, 0, 0, 0, 0, 7, 16
"e:\Projects\ArkPvZ\addons\sprite_painter\src\image_view\image_view.gd", "GDScript", 0, 0, 0, 0, 66, 0, 0, 0, 1, 26, 93
"e:\Projects\ArkPvZ\addons\sprite_painter\src\image_view\resize_rect.gd", "GDScript", 0, 0, 0, 0, 38, 0, 0, 0, 0, 14, 52
"e:\Projects\ArkPvZ\addons\sprite_painter\src\image_view\resize_rect.tscn", "GDScene", 0, 83, 0, 0, 0, 0, 0, 0, 0, 7, 90
"e:\Projects\ArkPvZ\addons\sprite_painter\src\main.gd", "GDScript", 0, 0, 0, 0, 124, 0, 0, 0, 24, 57, 205
"e:\Projects\ArkPvZ\addons\sprite_painter\src\main.tscn", "GDScene", 0, 885, 0, 0, 0, 0, 0, 0, 0, 127, 1012
"e:\Projects\ArkPvZ\addons\sprite_painter\src\workspace.gd", "GDScript", 0, 0, 0, 0, 153, 0, 0, 0, 2, 49, 204
"e:\Projects\ArkPvZ\addons\todo_controller\config.gd", "GDScript", 0, 0, 0, 0, 16, 0, 0, 0, 6, 4, 26
"e:\Projects\ArkPvZ\addons\todo_controller\config\config.tres", "GDResource", 345, 0, 0, 0, 0, 0, 0, 0, 0, 3, 348
"e:\Projects\ArkPvZ\addons\todo_controller\icon\icon.png.import", "GDResource", 35, 0, 0, 0, 0, 0, 0, 0, 0, 6, 41
"e:\Projects\ArkPvZ\addons\todo_controller\plugin.cfg", "Properties", 0, 0, 0, 0, 0, 6, 0, 0, 0, 2, 8
"e:\Projects\ArkPvZ\addons\todo_controller\todo_controller.gd", "GDScript", 0, 0, 0, 0, 36, 0, 0, 0, 10, 12, 58
"e:\Projects\ArkPvZ\addons\todo_controller\ui\black_bar.gd", "GDScript", 0, 0, 0, 0, 10, 0, 0, 0, 2, 6, 18
"e:\Projects\ArkPvZ\addons\todo_controller\ui\black_bar.tscn", "GDScene", 0, 35, 0, 0, 0, 0, 0, 0, 0, 8, 43
"e:\Projects\ArkPvZ\addons\todo_controller\ui\script_rmb_panel.gd", "GDScript", 0, 0, 0, 0, 71, 0, 0, 0, 11, 20, 102
"e:\Projects\ArkPvZ\addons\todo_controller\ui\script_rmb_panel.tscn", "GDScene", 0, 96, 0, 0, 0, 0, 0, 0, 0, 19, 115
"e:\Projects\ArkPvZ\addons\todo_controller\ui\todo_controller_panel.gd", "GDScript", 0, 0, 0, 0, 758, 0, 0, 0, 69, 164, 991
"e:\Projects\ArkPvZ\addons\todo_controller\ui\todo_controller_panel.tscn", "GDScene", 0, 600, 0, 0, 0, 0, 0, 0, 0, 125, 725
"e:\Projects\ArkPvZ\animation\character\plant\002_sun_flower\SunFlower_blink.tres", "GDResource", 2095, 0, 0, 0, 0, 0, 0, 0, 0, 3, 2098
"e:\Projects\ArkPvZ\animation\character\plant\002_sun_flower\SunFlower_idle.tres", "GDResource", 2098, 0, 0, 0, 0, 0, 0, 0, 0, 3, 2101
"e:\Projects\ArkPvZ\animation\character\plant\003_cherry_bomb\CherryBomb_explode.tres", "GDResource", 1646, 0, 0, 0, 0, 0, 0, 0, 0, 3, 1649
"e:\Projects\ArkPvZ\animation\character\plant\003_cherry_bomb\CherryBomb_idle.tres", "GDResource", 1619, 0, 0, 0, 0, 0, 0, 0, 0, 3, 1622
"e:\Projects\ArkPvZ\animation\character\plant\004_wall_nut\Wallnut_blink_thrice.tres", "GDResource", 67, 0, 0, 0, 0, 0, 0, 0, 0, 3, 70
"e:\Projects\ArkPvZ\animation\character\plant\004_wall_nut\Wallnut_blink_twice.tres", "GDResource", 282, 0, 0, 0, 0, 0, 0, 0, 0, 3, 285
"e:\Projects\ArkPvZ\animation\character\plant\004_wall_nut\Wallnut_blink_twitch.tres", "GDResource", 294, 0, 0, 0, 0, 0, 0, 0, 0, 3, 297
"e:\Projects\ArkPvZ\animation\character\plant\004_wall_nut\Wallnut_face.tres", "GDResource", 244, 0, 0, 0, 0, 0, 0, 0, 0, 2, 246
"e:\Projects\ArkPvZ\animation\character\plant\004_wall_nut\Wallnut_idle.tres", "GDResource", 222, 0, 0, 0, 0, 0, 0, 0, 0, 2, 224
"e:\Projects\ArkPvZ\animation\character\plant\005_potato_mine\PotatoMine_armed.tres", "GDResource", 1265, 0, 0, 0, 0, 0, 0, 0, 0, 3, 1268
"e:\Projects\ArkPvZ\animation\character\plant\005_potato_mine\PotatoMine_blink.tres", "GDResource", 1313, 0, 0, 0, 0, 0, 0, 0, 0, 3, 1316
"e:\Projects\ArkPvZ\animation\character\plant\005_potato_mine\PotatoMine_eye.tres", "GDResource", 1312, 0, 0, 0, 0, 0, 0, 0, 0, 3, 1315
"e:\Projects\ArkPvZ\animation\character\plant\005_potato_mine\PotatoMine_face.tres", "GDResource", 1312, 0, 0, 0, 0, 0, 0, 0, 0, 3, 1315
"e:\Projects\ArkPvZ\animation\character\plant\005_potato_mine\PotatoMine_glow.tres", "GDResource", 1312, 0, 0, 0, 0, 0, 0, 0, 0, 3, 1315
"e:\Projects\ArkPvZ\animation\character\plant\005_potato_mine\PotatoMine_idle.tres", "GDResource", 1309, 0, 0, 0, 0, 0, 0, 0, 0, 3, 1312
"e:\Projects\ArkPvZ\animation\character\plant\005_potato_mine\PotatoMine_light.tres", "GDResource", 1301, 0, 0, 0, 0, 0, 0, 0, 0, 3, 1304
"e:\Projects\ArkPvZ\animation\character\plant\005_potato_mine\PotatoMine_mashed.tres", "GDResource", 1228, 0, 0, 0, 0, 0, 0, 0, 0, 3, 1231
"e:\Projects\ArkPvZ\animation\character\plant\005_potato_mine\PotatoMine_rise.tres", "GDResource", 1325, 0, 0, 0, 0, 0, 0, 0, 0, 3, 1328
"e:\Projects\ArkPvZ\animation\character\plant\006_snow_pea\SnowPea_blink.tres", "GDResource", 966, 0, 0, 0, 0, 0, 0, 0, 0, 3, 969
"e:\Projects\ArkPvZ\animation\character\plant\006_snow_pea\SnowPea_face.tres", "GDResource", 980, 0, 0, 0, 0, 0, 0, 0, 0, 3, 983
"e:\Projects\ArkPvZ\animation\character\plant\006_snow_pea\SnowPea_full_idle.tres", "GDResource", 979, 0, 0, 0, 0, 0, 0, 0, 0, 3, 982
"e:\Projects\ArkPvZ\animation\character\plant\006_snow_pea\SnowPea_head_idle.tres", "GDResource", 407, 0, 0, 0, 0, 0, 0, 0, 0, 3, 410
"e:\Projects\ArkPvZ\animation\character\plant\006_snow_pea\SnowPea_idle.tres", "GDResource", 529, 0, 0, 0, 0, 0, 0, 0, 0, 3, 532
"e:\Projects\ArkPvZ\animation\character\plant\006_snow_pea\SnowPea_shooting.tres", "GDResource", 434, 0, 0, 0, 0, 0, 0, 0, 0, 3, 437
"e:\Projects\ArkPvZ\animation\character\plant\006_snow_pea\SnowPea_stem.tres", "GDResource", 974, 0, 0, 0, 0, 0, 0, 0, 0, 3, 977
"e:\Projects\ArkPvZ\animation\character\plant\007_chomper\Chomper_bite.tres", "GDResource", 1913, 0, 0, 0, 0, 0, 0, 0, 0, 3, 1916
"e:\Projects\ArkPvZ\animation\character\plant\007_chomper\Chomper_chew.tres", "GDResource", 1899, 0, 0, 0, 0, 0, 0, 0, 0, 3, 1902
"e:\Projects\ArkPvZ\animation\character\plant\007_chomper\Chomper_idle.tres", "GDResource", 1897, 0, 0, 0, 0, 0, 0, 0, 0, 3, 1900
"e:\Projects\ArkPvZ\animation\character\plant\007_chomper\Chomper_swallow.tres", "GDResource", 1913, 0, 0, 0, 0, 0, 0, 0, 0, 3, 1916
"e:\Projects\ArkPvZ\animation\character\plant\008_pea_shooter_double\PeaShooter_head_idle.tres", "GDResource", 663, 0, 0, 0, 0, 0, 0, 0, 0, 3, 666
"e:\Projects\ArkPvZ\animation\character\plant\008_pea_shooter_double\PeaShooter_idle.tres", "GDResource", 554, 0, 0, 0, 0, 0, 0, 0, 0, 3, 557
"e:\Projects\ArkPvZ\animation\character\plant\008_pea_shooter_double\PeaShooter_shooting.tres", "GDResource", 714, 0, 0, 0, 0, 0, 0, 0, 0, 3, 717
"e:\Projects\ArkPvZ\animation\character\plant\008_pea_shooter_double\PeaShooter_shooting2.tres", "GDResource", 714, 0, 0, 0, 0, 0, 0, 0, 0, 3, 717
"e:\Projects\ArkPvZ\animation\character\plant\009_puff_shroom\PuffShroom_blink.tres", "GDResource", 654, 0, 0, 0, 0, 0, 0, 0, 0, 3, 657
"e:\Projects\ArkPvZ\animation\character\plant\009_puff_shroom\PuffShroom_face.tres", "GDResource", 659, 0, 0, 0, 0, 0, 0, 0, 0, 3, 662
"e:\Projects\ArkPvZ\animation\character\plant\009_puff_shroom\PuffShroom_idle.tres", "GDResource", 258, 0, 0, 0, 0, 0, 0, 0, 0, 2, 260
"e:\Projects\ArkPvZ\animation\character\plant\009_puff_shroom\PuffShroom_shooting.tres", "GDResource", 332, 0, 0, 0, 0, 0, 0, 0, 0, 3, 335
"e:\Projects\ArkPvZ\animation\character\plant\009_puff_shroom\PuffShroom_sleep.tres", "GDResource", 271, 0, 0, 0, 0, 0, 0, 0, 0, 3, 274
"e:\Projects\ArkPvZ\animation\character\plant\010_sun_shroom\SunShroom_bigidle.tres", "GDResource", 309, 0, 0, 0, 0, 0, 0, 0, 0, 3, 312
"e:\Projects\ArkPvZ\animation\character\plant\010_sun_shroom\SunShroom_bigsleep.tres", "GDResource", 249, 0, 0, 0, 0, 0, 0, 0, 0, 3, 252
"e:\Projects\ArkPvZ\animation\character\plant\010_sun_shroom\SunShroom_blink.tres", "GDResource", 654, 0, 0, 0, 0, 0, 0, 0, 0, 3, 657
"e:\Projects\ArkPvZ\animation\character\plant\010_sun_shroom\SunShroom_face.tres", "GDResource", 657, 0, 0, 0, 0, 0, 0, 0, 0, 3, 660
"e:\Projects\ArkPvZ\animation\character\plant\010_sun_shroom\SunShroom_grow.tres", "GDResource", 308, 0, 0, 0, 0, 0, 0, 0, 0, 3, 311
"e:\Projects\ArkPvZ\animation\character\plant\010_sun_shroom\SunShroom_idle.tres", "GDResource", 296, 0, 0, 0, 0, 0, 0, 0, 0, 3, 299
"e:\Projects\ArkPvZ\animation\character\plant\010_sun_shroom\SunShroom_sleep.tres", "GDResource", 261, 0, 0, 0, 0, 0, 0, 0, 0, 3, 264
"e:\Projects\ArkPvZ\animation\character\plant\010_sun_shroom\SunShroom_sleep1.tres", "GDResource", 657, 0, 0, 0, 0, 0, 0, 0, 0, 3, 660
"e:\Projects\ArkPvZ\animation\character\plant\011_fume_shroom\FumeShroom.tscn", "GDScene", 0, 838, 0, 0, 0, 0, 0, 0, 4, 26, 868
"e:\Projects\ArkPvZ\animation\character\plant\011_fume_shroom\FumeShroom_blink.tres", "GDResource", 654, 0, 0, 0, 0, 0, 0, 0, 0, 3, 657
"e:\Projects\ArkPvZ\animation\character\plant\011_fume_shroom\FumeShroom_face.tres", "GDResource", 659, 0, 0, 0, 0, 0, 0, 0, 0, 3, 662
"e:\Projects\ArkPvZ\animation\character\plant\011_fume_shroom\FumeShroom_idle.tres", "GDResource", 382, 0, 0, 0, 0, 0, 0, 0, 0, 3, 385
"e:\Projects\ArkPvZ\animation\character\plant\011_fume_shroom\FumeShroom_shooting.tres", "GDResource", 425, 0, 0, 0, 0, 0, 0, 0, 0, 3, 428
"e:\Projects\ArkPvZ\animation\character\plant\011_fume_shroom\FumeShroom_sleep.tres", "GDResource", 371, 0, 0, 0, 0, 0, 0, 0, 0, 3, 374
"e:\Projects\ArkPvZ\animation\character\plant\012_Grave_buster\Gravebuster_idle.tres", "GDResource", 1037, 0, 0, 0, 0, 0, 0, 0, 0, 3, 1040
"e:\Projects\ArkPvZ\animation\character\plant\012_Grave_buster\Gravebuster_land.tres", "GDResource", 1024, 0, 0, 0, 0, 0, 0, 0, 0, 3, 1027
"e:\Projects\ArkPvZ\animation\character\plant\013_hypno_shroom\HypnoShroom_idle.tres", "GDResource", 298, 0, 0, 0, 0, 0, 0, 0, 0, 3, 301
"e:\Projects\ArkPvZ\animation\character\plant\013_hypno_shroom\HypnoShroom_sleep.tres", "GDResource", 297, 0, 0, 0, 0, 0, 0, 0, 0, 3, 300
"e:\Projects\ArkPvZ\animation\character\plant\014_scaredy_shroom\ScaredyShroom_blink.tres", "GDResource", 1267, 0, 0, 0, 0, 0, 0, 0, 0, 3, 1270
"e:\Projects\ArkPvZ\animation\character\plant\014_scaredy_shroom\ScaredyShroom_eye1.tres", "GDResource", 1267, 0, 0, 0, 0, 0, 0, 0, 0, 3, 1270
"e:\Projects\ArkPvZ\animation\character\plant\014_scaredy_shroom\ScaredyShroom_eye2.tres", "GDResource", 1267, 0, 0, 0, 0, 0, 0, 0, 0, 3, 1270
"e:\Projects\ArkPvZ\animation\character\plant\014_scaredy_shroom\ScaredyShroom_face.tres", "GDResource", 1277, 0, 0, 0, 0, 0, 0, 0, 0, 3, 1280
"e:\Projects\ArkPvZ\animation\character\plant\014_scaredy_shroom\ScaredyShroom_grow.tres", "GDResource", 1193, 0, 0, 0, 0, 0, 0, 0, 0, 3, 1196
"e:\Projects\ArkPvZ\animation\character\plant\014_scaredy_shroom\ScaredyShroom_idle.tres", "GDResource", 1191, 0, 0, 0, 0, 0, 0, 0, 0, 3, 1194
"e:\Projects\ArkPvZ\animation\character\plant\014_scaredy_shroom\ScaredyShroom_scared.tres", "GDResource", 1190, 0, 0, 0, 0, 0, 0, 0, 0, 3, 1193
"e:\Projects\ArkPvZ\animation\character\plant\014_scaredy_shroom\ScaredyShroom_scaredidle.tres", "GDResource", 1194, 0, 0, 0, 0, 0, 0, 0, 0, 3, 1197
"e:\Projects\ArkPvZ\animation\character\plant\014_scaredy_shroom\ScaredyShroom_shooting.tres", "GDResource", 1204, 0, 0, 0, 0, 0, 0, 0, 0, 3, 1207
"e:\Projects\ArkPvZ\animation\character\plant\014_scaredy_shroom\ScaredyShroom_sleep.tres", "GDResource", 1194, 0, 0, 0, 0, 0, 0, 0, 0, 3, 1197
"e:\Projects\ArkPvZ\animation\character\plant\015_ice_shroom\IceShroom_blink.tres", "GDResource", 366, 0, 0, 0, 0, 0, 0, 0, 0, 3, 369
"e:\Projects\ArkPvZ\animation\character\plant\015_ice_shroom\IceShroom_face.tres", "GDResource", 370, 0, 0, 0, 0, 0, 0, 0, 0, 3, 373
"e:\Projects\ArkPvZ\animation\character\plant\015_ice_shroom\IceShroom_idle.tres", "GDResource", 337, 0, 0, 0, 0, 0, 0, 0, 0, 3, 340
"e:\Projects\ArkPvZ\animation\character\plant\015_ice_shroom\IceShroom_idle_only.tres", "GDResource", 309, 0, 0, 0, 0, 0, 0, 0, 0, 3, 312
"e:\Projects\ArkPvZ\animation\character\plant\015_ice_shroom\IceShroom_sleep.tres", "GDResource", 298, 0, 0, 0, 0, 0, 0, 0, 0, 3, 301
"e:\Projects\ArkPvZ\animation\character\plant\015_ice_shroom\IceShroom_sleep1.tres", "GDResource", 370, 0, 0, 0, 0, 0, 0, 0, 0, 3, 373
"e:\Projects\ArkPvZ\animation\character\plant\016_doom_shroom\DoomShroom_explode.tres", "GDResource", 457, 0, 0, 0, 0, 0, 0, 0, 0, 3, 460
"e:\Projects\ArkPvZ\animation\character\plant\016_doom_shroom\DoomShroom_idle.tres", "GDResource", 428, 0, 0, 0, 0, 0, 0, 0, 0, 3, 431
"e:\Projects\ArkPvZ\animation\character\plant\016_doom_shroom\DoomShroom_sleep.tres", "GDResource", 431, 0, 0, 0, 0, 0, 0, 0, 0, 3, 434
"e:\Projects\ArkPvZ\animation\character\plant\017_lily_pad\LilyPad_blink.tres", "GDResource", 176, 0, 0, 0, 0, 0, 0, 0, 3, 7, 186
"e:\Projects\ArkPvZ\animation\character\plant\017_lily_pad\LilyPad_idle.tres", "GDResource", 139, 0, 0, 0, 0, 0, 0, 0, 0, 3, 142
"e:\Projects\ArkPvZ\animation\character\plant\018_squash\Squash_blink.tres", "GDResource", 342, 0, 0, 0, 0, 0, 0, 0, 0, 3, 345
"e:\Projects\ArkPvZ\animation\character\plant\018_squash\Squash_eye.tres", "GDResource", 342, 0, 0, 0, 0, 0, 0, 0, 0, 3, 345
"e:\Projects\ArkPvZ\animation\character\plant\018_squash\Squash_face.tres", "GDResource", 345, 0, 0, 0, 0, 0, 0, 0, 0, 3, 348
"e:\Projects\ArkPvZ\animation\character\plant\018_squash\Squash_idle.tres", "GDResource", 358, 0, 0, 0, 0, 0, 0, 0, 0, 3, 361
"e:\Projects\ArkPvZ\animation\character\plant\018_squash\Squash_jumpdown.tres", "GDResource", 375, 0, 0, 0, 0, 0, 0, 0, 0, 3, 378
"e:\Projects\ArkPvZ\animation\character\plant\018_squash\Squash_jumpup.tres", "GDResource", 370, 0, 0, 0, 0, 0, 0, 0, 0, 3, 373
"e:\Projects\ArkPvZ\animation\character\plant\018_squash\Squash_lookleft.tres", "GDResource", 357, 0, 0, 0, 0, 0, 0, 0, 0, 3, 360
"e:\Projects\ArkPvZ\animation\character\plant\018_squash\Squash_lookright.tres", "GDResource", 357, 0, 0, 0, 0, 0, 0, 0, 0, 3, 360
"e:\Projects\ArkPvZ\animation\character\plant\019_ThreePeater\ThreePeater_blink1.tres", "GDResource", 3030, 0, 0, 0, 0, 0, 0, 0, 0, 3, 3033
"e:\Projects\ArkPvZ\animation\character\plant\019_ThreePeater\ThreePeater_blink2.tres", "GDResource", 3035, 0, 0, 0, 0, 0, 0, 0, 0, 3, 3038
"e:\Projects\ArkPvZ\animation\character\plant\019_ThreePeater\ThreePeater_blink3.tres", "GDResource", 3033, 0, 0, 0, 0, 0, 0, 0, 0, 3, 3036
"e:\Projects\ArkPvZ\animation\character\plant\019_ThreePeater\ThreePeater_face1.tres", "GDResource", 3034, 0, 0, 0, 0, 0, 0, 0, 0, 3, 3037
"e:\Projects\ArkPvZ\animation\character\plant\019_ThreePeater\ThreePeater_face2.tres", "GDResource", 3036, 0, 0, 0, 0, 0, 0, 0, 0, 3, 3039
"e:\Projects\ArkPvZ\animation\character\plant\019_ThreePeater\ThreePeater_face3.tres", "GDResource", 3036, 0, 0, 0, 0, 0, 0, 0, 0, 3, 3039
"e:\Projects\ArkPvZ\animation\character\plant\019_ThreePeater\ThreePeater_head1.tres", "GDResource", 3044, 0, 0, 0, 0, 0, 0, 0, 0, 3, 3047
"e:\Projects\ArkPvZ\animation\character\plant\019_ThreePeater\ThreePeater_head2.tres", "GDResource", 3044, 0, 0, 0, 0, 0, 0, 0, 0, 3, 3047
"e:\Projects\ArkPvZ\animation\character\plant\019_ThreePeater\ThreePeater_head3.tres", "GDResource", 3044, 0, 0, 0, 0, 0, 0, 0, 0, 3, 3047
"e:\Projects\ArkPvZ\animation\character\plant\019_ThreePeater\ThreePeater_head_idle1.tres", "GDResource", 382, 0, 0, 0, 0, 0, 0, 0, 0, 3, 385
"e:\Projects\ArkPvZ\animation\character\plant\019_ThreePeater\ThreePeater_head_idle2.tres", "GDResource", 467, 0, 0, 0, 0, 0, 0, 0, 0, 3, 470
"e:\Projects\ArkPvZ\animation\character\plant\019_ThreePeater\ThreePeater_head_idle3.tres", "GDResource", 552, 0, 0, 0, 0, 0, 0, 0, 0, 3, 555
"e:\Projects\ArkPvZ\animation\character\plant\019_ThreePeater\ThreePeater_idle.tres", "GDResource", 1023, 0, 0, 0, 0, 0, 0, 0, 0, 3, 1026
"e:\Projects\ArkPvZ\animation\character\plant\019_ThreePeater\ThreePeater_shooting1.tres", "GDResource", 359, 0, 0, 0, 0, 0, 0, 0, 0, 3, 362
"e:\Projects\ArkPvZ\animation\character\plant\019_ThreePeater\ThreePeater_shooting2.tres", "GDResource", 430, 0, 0, 0, 0, 0, 0, 0, 0, 3, 433
"e:\Projects\ArkPvZ\animation\character\plant\019_ThreePeater\ThreePeater_shooting3.tres", "GDResource", 515, 0, 0, 0, 0, 0, 0, 0, 0, 3, 518
"e:\Projects\ArkPvZ\animation\character\plant\020_tanglekelp\Tanglekelp_blink.tres", "GDResource", 1267, 0, 0, 0, 0, 0, 0, 0, 0, 3, 1270
"e:\Projects\ArkPvZ\animation\character\plant\020_tanglekelp\Tanglekelp_blink1.tres", "GDResource", 1266, 0, 0, 0, 0, 0, 0, 0, 0, 3, 1269
"e:\Projects\ArkPvZ\animation\character\plant\020_tanglekelp\Tanglekelp_face.tres", "GDResource", 1278, 0, 0, 0, 0, 0, 0, 0, 0, 3, 1281
"e:\Projects\ArkPvZ\animation\character\plant\020_tanglekelp\Tanglekelp_grab.tres", "GDResource", 180, 0, 0, 0, 0, 0, 0, 0, 0, 3, 183
"e:\Projects\ArkPvZ\animation\character\plant\020_tanglekelp\Tanglekelp_idle.tres", "GDResource", 1206, 0, 0, 0, 0, 0, 0, 0, 0, 3, 1209
"e:\Projects\ArkPvZ\animation\character\plant\020_tanglekelp\Tanglekelp_idle_aquarium.tres", "GDResource", 1192, 0, 0, 0, 0, 0, 0, 0, 0, 3, 1195
"e:\Projects\ArkPvZ\animation\character\plant\020_tanglekelp\Tanglekelp_waterline.tres", "GDResource", 1278, 0, 0, 0, 0, 0, 0, 0, 0, 3, 1281
"e:\Projects\ArkPvZ\animation\character\plant\021_jalapeno\Jalapeno_blink.tres", "GDResource", 930, 0, 0, 0, 0, 0, 0, 0, 0, 3, 933
"e:\Projects\ArkPvZ\animation\character\plant\021_jalapeno\Jalapeno_explode.tres", "GDResource", 964, 0, 0, 0, 0, 0, 0, 0, 0, 3, 967
"e:\Projects\ArkPvZ\animation\character\plant\021_jalapeno\Jalapeno_idle.tres", "GDResource", 938, 0, 0, 0, 0, 0, 0, 0, 0, 3, 941
"e:\Projects\ArkPvZ\animation\character\plant\022_caltrop\Caltrop_attack.tres", "GDResource", 637, 0, 0, 0, 0, 0, 0, 0, 0, 3, 640
"e:\Projects\ArkPvZ\animation\character\plant\022_caltrop\Caltrop_blink.tres", "GDResource", 678, 0, 0, 0, 0, 0, 0, 0, 0, 3, 681
"e:\Projects\ArkPvZ\animation\character\plant\022_caltrop\Caltrop_face.tres", "GDResource", 683, 0, 0, 0, 0, 0, 0, 0, 0, 3, 686
"e:\Projects\ArkPvZ\animation\character\plant\022_caltrop\Caltrop_idle.tres", "GDResource", 623, 0, 0, 0, 0, 0, 0, 0, 0, 3, 626
"e:\Projects\ArkPvZ\animation\character\plant\023_torch_wood\Torchwood_blink.tres", "GDResource", 763, 0, 0, 0, 0, 0, 0, 0, 0, 3, 766
"e:\Projects\ArkPvZ\animation\character\plant\023_torch_wood\Torchwood_face.tres", "GDResource", 768, 0, 0, 0, 0, 0, 0, 0, 0, 3, 771
"e:\Projects\ArkPvZ\animation\character\plant\023_torch_wood\Torchwood_idle.tres", "GDResource", 708, 0, 0, 0, 0, 0, 0, 0, 0, 3, 711
"e:\Projects\ArkPvZ\animation\character\plant\024_tall_nut\Tallnut_blink_thrice.tres", "GDResource", 259, 0, 0, 0, 0, 0, 0, 0, 0, 3, 262
"e:\Projects\ArkPvZ\animation\character\plant\024_tall_nut\Tallnut_blink_twice.tres", "GDResource", 259, 0, 0, 0, 0, 0, 0, 0, 0, 3, 262
"e:\Projects\ArkPvZ\animation\character\plant\024_tall_nut\Tallnut_idle.tres", "GDResource", 78, 0, 0, 0, 0, 0, 0, 0, 0, 2, 80
"e:\Projects\ArkPvZ\animation\character\plant\025_sea_shroom\SeaShroom_blink.tres", "GDResource", 1099, 0, 0, 0, 0, 0, 0, 0, 0, 3, 1102
"e:\Projects\ArkPvZ\animation\character\plant\025_sea_shroom\SeaShroom_face.tres", "GDResource", 1106, 0, 0, 0, 0, 0, 0, 0, 0, 3, 1109
"e:\Projects\ArkPvZ\animation\character\plant\025_sea_shroom\SeaShroom_idle.tres", "GDResource", 540, 0, 0, 0, 0, 0, 0, 0, 0, 3, 543
"e:\Projects\ArkPvZ\animation\character\plant\025_sea_shroom\SeaShroom_idle_aquarium.tres", "GDResource", 601, 0, 0, 0, 0, 0, 0, 0, 0, 3, 604
"e:\Projects\ArkPvZ\animation\character\plant\025_sea_shroom\SeaShroom_shooting.tres", "GDResource", 639, 0, 0, 0, 0, 0, 0, 0, 0, 3, 642
"e:\Projects\ArkPvZ\animation\character\plant\025_sea_shroom\SeaShroom_sleep.tres", "GDResource", 601, 0, 0, 0, 0, 0, 0, 0, 0, 3, 604
"e:\Projects\ArkPvZ\animation\character\plant\025_sea_shroom\SeaShroom_waterline.tres", "GDResource", 1105, 0, 0, 0, 0, 0, 0, 0, 0, 3, 1108
"e:\Projects\ArkPvZ\animation\character\plant\026_plantern\Plantern_blink.tres", "GDResource", 1183, 0, 0, 0, 0, 0, 0, 0, 0, 3, 1186
"e:\Projects\ArkPvZ\animation\character\plant\026_plantern\Plantern_face.tres", "GDResource", 1189, 0, 0, 0, 0, 0, 0, 0, 0, 3, 1192
"e:\Projects\ArkPvZ\animation\character\plant\026_plantern\Plantern_idle.tres", "GDResource", 949, 0, 0, 0, 0, 0, 0, 0, 0, 3, 952
"e:\Projects\ArkPvZ\animation\character\plant\027_cactus\Cactus_blink.tres", "GDResource", 1856, 0, 0, 0, 0, 0, 0, 0, 0, 3, 1859
"e:\Projects\ArkPvZ\animation\character\plant\027_cactus\Cactus_face.tres", "GDResource", 1868, 0, 0, 0, 0, 0, 0, 0, 0, 3, 1871
"e:\Projects\ArkPvZ\animation\character\plant\027_cactus\Cactus_idle.tres", "GDResource", 1216, 0, 0, 0, 0, 0, 0, 0, 0, 3, 1219
"e:\Projects\ArkPvZ\animation\character\plant\027_cactus\Cactus_idlehigh.tres", "GDResource", 1218, 0, 0, 0, 0, 0, 0, 0, 0, 3, 1221
"e:\Projects\ArkPvZ\animation\character\plant\027_cactus\Cactus_lower.tres", "GDResource", 1307, 0, 0, 0, 0, 0, 0, 0, 0, 3, 1310
"e:\Projects\ArkPvZ\animation\character\plant\027_cactus\Cactus_rise.tres", "GDResource", 1308, 0, 0, 0, 0, 0, 0, 0, 0, 3, 1311
"e:\Projects\ArkPvZ\animation\character\plant\027_cactus\Cactus_shooting.tres", "GDResource", 1303, 0, 0, 0, 0, 0, 0, 0, 0, 3, 1306
"e:\Projects\ArkPvZ\animation\character\plant\027_cactus\Cactus_shootinghigh.tres", "GDResource", 1305, 0, 0, 0, 0, 0, 0, 0, 0, 3, 1308
"e:\Projects\ArkPvZ\animation\character\plant\028_blover\Blover_blow.tres", "GDResource", 950, 0, 0, 0, 0, 0, 0, 0, 0, 3, 953
"e:\Projects\ArkPvZ\animation\character\plant\028_blover\Blover_idle.tres", "GDResource", 936, 0, 0, 0, 0, 0, 0, 0, 0, 3, 939
"e:\Projects\ArkPvZ\animation\character\plant\028_blover\Blover_loop.tres", "GDResource", 936, 0, 0, 0, 0, 0, 0, 0, 0, 3, 939
"e:\Projects\ArkPvZ\animation\character\plant\029_split_pea\SplitPea_SplitPea_blink.tres", "GDResource", 1854, 0, 0, 0, 0, 0, 0, 0, 0, 3, 1857
"e:\Projects\ArkPvZ\animation\character\plant\029_split_pea\SplitPea_blink.tres", "GDResource", 1854, 0, 0, 0, 0, 0, 0, 0, 0, 3, 1857
"e:\Projects\ArkPvZ\animation\character\plant\029_split_pea\SplitPea_face.tres", "GDResource", 1867, 0, 0, 0, 0, 0, 0, 0, 0, 3, 1870
"e:\Projects\ArkPvZ\animation\character\plant\029_split_pea\SplitPea_head_idle.tres", "GDResource", 272, 0, 0, 0, 0, 0, 0, 0, 0, 3, 275
"e:\Projects\ArkPvZ\animation\character\plant\029_split_pea\SplitPea_idle.tres", "GDResource", 770, 0, 0, 0, 0, 0, 0, 0, 0, 3, 773
"e:\Projects\ArkPvZ\animation\character\plant\029_split_pea\SplitPea_shooting.tres", "GDResource", 359, 0, 0, 0, 0, 0, 0, 0, 0, 3, 362
"e:\Projects\ArkPvZ\animation\character\plant\029_split_pea\SplitPea_splitpea_idle.tres", "GDResource", 357, 0, 0, 0, 0, 0, 0, 0, 0, 3, 360
"e:\Projects\ArkPvZ\animation\character\plant\029_split_pea\SplitPea_splitpea_shooting.tres", "GDResource", 443, 0, 0, 0, 0, 0, 0, 0, 0, 3, 446
"e:\Projects\ArkPvZ\animation\character\plant\030_star_fruit\StarFruit_blink.tres", "GDResource", 763, 0, 0, 0, 0, 0, 0, 0, 0, 3, 766
"e:\Projects\ArkPvZ\animation\character\plant\030_star_fruit\StarFruit_face.tres", "GDResource", 768, 0, 0, 0, 0, 0, 0, 0, 0, 3, 771
"e:\Projects\ArkPvZ\animation\character\plant\030_star_fruit\StarFruit_idle.tres", "GDResource", 719, 0, 0, 0, 0, 0, 0, 0, 0, 3, 722
"e:\Projects\ArkPvZ\animation\character\plant\030_star_fruit\StarFruit_shoot.tres", "GDResource", 782, 0, 0, 0, 0, 0, 0, 0, 0, 3, 785
"e:\Projects\ArkPvZ\animation\character\plant\031_pumpkin\Pumpkin_idle.tres", "GDResource", 259, 0, 0, 0, 0, 0, 0, 0, 0, 3, 262
"e:\Projects\ArkPvZ\animation\character\plant\032_magnet_shroom\Magnetshroom_blink.tres", "GDResource", 1687, 0, 0, 0, 0, 0, 0, 0, 0, 3, 1690
"e:\Projects\ArkPvZ\animation\character\plant\032_magnet_shroom\Magnetshroom_eyes.tres", "GDResource", 1703, 0, 0, 0, 0, 0, 0, 0, 0, 3, 1706
"e:\Projects\ArkPvZ\animation\character\plant\032_magnet_shroom\Magnetshroom_eyes2.tres", "GDResource", 1703, 0, 0, 0, 0, 0, 0, 0, 0, 3, 1706
"e:\Projects\ArkPvZ\animation\character\plant\032_magnet_shroom\Magnetshroom_eyes21.tres", "GDResource", 1700, 0, 0, 0, 0, 0, 0, 0, 0, 3, 1703
"e:\Projects\ArkPvZ\animation\character\plant\032_magnet_shroom\Magnetshroom_eyes22.tres", "GDResource", 1700, 0, 0, 0, 0, 0, 0, 0, 0, 3, 1703
"e:\Projects\ArkPvZ\animation\character\plant\032_magnet_shroom\Magnetshroom_face.tres", "GDResource", 1703, 0, 0, 0, 0, 0, 0, 0, 0, 3, 1706
"e:\Projects\ArkPvZ\animation\character\plant\032_magnet_shroom\Magnetshroom_idle.tres", "GDResource", 1192, 0, 0, 0, 0, 0, 0, 0, 0, 3, 1195
"e:\Projects\ArkPvZ\animation\character\plant\032_magnet_shroom\Magnetshroom_nonactive_idle.tres", "GDResource", 1190, 0, 0, 0, 0, 0, 0, 0, 0, 3, 1193
"e:\Projects\ArkPvZ\animation\character\plant\032_magnet_shroom\Magnetshroom_nonactive_idle2.tres", "GDResource", 1190, 0, 0, 0, 0, 0, 0, 0, 0, 3, 1193
"e:\Projects\ArkPvZ\animation\character\plant\032_magnet_shroom\Magnetshroom_shooting.tres", "GDResource", 1196, 0, 0, 0, 0, 0, 0, 0, 0, 3, 1199
"e:\Projects\ArkPvZ\animation\character\plant\032_magnet_shroom\Magnetshroom_sleep.tres", "GDResource", 1191, 0, 0, 0, 0, 0, 0, 0, 0, 3, 1194
"e:\Projects\ArkPvZ\animation\character\plant\033_cabbage_pult\Cabbagepult_idle.tres", "GDResource", 1448, 0, 0, 0, 0, 0, 0, 0, 0, 3, 1451
"e:\Projects\ArkPvZ\animation\character\plant\033_cabbage_pult\Cabbagepult_shooting.tres", "GDResource", 1462, 0, 0, 0, 0, 0, 0, 0, 0, 3, 1465
"e:\Projects\ArkPvZ\animation\character\plant\034_flower_pot\Pot_idle.tres", "GDResource", 694, 0, 0, 0, 0, 0, 0, 0, 0, 3, 697
"e:\Projects\ArkPvZ\animation\character\plant\034_flower_pot\Pot_waterplants.tres", "GDResource", 694, 0, 0, 0, 0, 0, 0, 0, 0, 3, 697
"e:\Projects\ArkPvZ\animation\character\plant\034_flower_pot\Pot_zengarden.tres", "GDResource", 681, 0, 0, 0, 0, 0, 0, 0, 0, 3, 684
"e:\Projects\ArkPvZ\animation\character\plant\035_corn_pult\Cornpult_idle.tres", "GDResource", 1862, 0, 0, 0, 0, 0, 0, 0, 0, 3, 1865
"e:\Projects\ArkPvZ\animation\character\plant\035_corn_pult\Cornpult_shooting.tres", "GDResource", 1879, 0, 0, 0, 0, 0, 0, 0, 0, 3, 1882
"e:\Projects\ArkPvZ\animation\character\plant\036_coffee_bean\Coffeebean_crumble.tres", "GDResource", 283, 0, 0, 0, 0, 0, 0, 0, 0, 3, 286
"e:\Projects\ArkPvZ\animation\character\plant\036_coffee_bean\Coffeebean_idle.tres", "GDResource", 260, 0, 0, 0, 0, 0, 0, 0, 0, 3, 263
"e:\Projects\ArkPvZ\animation\character\plant\037_garlic\Garlic_idle.tres", "GDResource", 506, 0, 0, 0, 0, 0, 0, 0, 0, 3, 509
"e:\Projects\ArkPvZ\animation\character\plant\038_umbrella_leaf\Umbrellaleaf_block.tres", "GDResource", 783, 0, 0, 0, 0, 0, 0, 0, 0, 3, 786
"e:\Projects\ArkPvZ\animation\character\plant\038_umbrella_leaf\Umbrellaleaf_idle.tres", "GDResource", 771, 0, 0, 0, 0, 0, 0, 0, 0, 3, 774
"e:\Projects\ArkPvZ\animation\character\plant\039_mari_gold\MariGold_idle.tres", "GDResource", 1196, 0, 0, 0, 0, 0, 0, 0, 0, 3, 1199
"e:\Projects\ArkPvZ\animation\character\plant\040_melon_pult\MelonPult_idle.tres", "GDResource", 1108, 0, 0, 0, 0, 0, 0, 0, 0, 3, 1111
"e:\Projects\ArkPvZ\animation\character\plant\040_melon_pult\MelonPult_shooting.tres", "GDResource", 1122, 0, 0, 0, 0, 0, 0, 0, 0, 3, 1125
"e:\Projects\ArkPvZ\animation\character\plant\041_gatling_pea\GatlingPea_blink.tres", "GDResource", 1855, 0, 0, 0, 0, 0, 0, 0, 3, 7, 1865
"e:\Projects\ArkPvZ\animation\character\plant\041_gatling_pea\GatlingPea_face.tres", "GDResource", 1869, 0, 0, 0, 0, 0, 0, 0, 3, 7, 1879
"e:\Projects\ArkPvZ\animation\character\plant\041_gatling_pea\GatlingPea_head_idle.tres", "GDResource", 852, 0, 0, 0, 0, 0, 0, 0, 0, 3, 855
"e:\Projects\ArkPvZ\animation\character\plant\041_gatling_pea\GatlingPea_idle.tres", "GDResource", 698, 0, 0, 0, 0, 0, 0, 0, 0, 3, 701
"e:\Projects\ArkPvZ\animation\character\plant\041_gatling_pea\GatlingPea_shooting.tres", "GDResource", 960, 0, 0, 0, 0, 0, 0, 0, 0, 3, 963
"e:\Projects\ArkPvZ\animation\character\plant\042_twin_sun_flower\TwinSunFlower_blink.tres", "GDResource", 1687, 0, 0, 0, 0, 0, 0, 0, 3, 7, 1697
"e:\Projects\ArkPvZ\animation\character\plant\042_twin_sun_flower\TwinSunFlower_blink2.tres", "GDResource", 1687, 0, 0, 0, 0, 0, 0, 0, 3, 7, 1697
"e:\Projects\ArkPvZ\animation\character\plant\042_twin_sun_flower\TwinSunFlower_face.tres", "GDResource", 1697, 0, 0, 0, 0, 0, 0, 0, 3, 7, 1707
"e:\Projects\ArkPvZ\animation\character\plant\042_twin_sun_flower\TwinSunFlower_face2.tres", "GDResource", 1697, 0, 0, 0, 0, 0, 0, 0, 3, 7, 1707
"e:\Projects\ArkPvZ\animation\character\plant\042_twin_sun_flower\TwinSunFlower_idle.tres", "GDResource", 1698, 0, 0, 0, 0, 0, 0, 0, 0, 3, 1701
"e:\Projects\ArkPvZ\animation\character\plant\043_gloom_shroom\GloomShroom_blink.tres", "GDResource", 1771, 0, 0, 0, 0, 0, 0, 0, 3, 7, 1781
"e:\Projects\ArkPvZ\animation\character\plant\043_gloom_shroom\GloomShroom_face.tres", "GDResource", 1783, 0, 0, 0, 0, 0, 0, 0, 3, 7, 1793
"e:\Projects\ArkPvZ\animation\character\plant\043_gloom_shroom\GloomShroom_idle.tres", "GDResource", 1781, 0, 0, 0, 0, 0, 0, 0, 0, 3, 1784
"e:\Projects\ArkPvZ\animation\character\plant\043_gloom_shroom\GloomShroom_shooting.tres", "GDResource", 1805, 0, 0, 0, 0, 0, 0, 0, 0, 3, 1808
"e:\Projects\ArkPvZ\animation\character\plant\043_gloom_shroom\GloomShroom_sleep.tres", "GDResource", 1781, 0, 0, 0, 0, 0, 0, 0, 0, 3, 1784
"e:\Projects\ArkPvZ\animation\character\plant\044_cattail\Cattail_blink.tres", "GDResource", 1267, 0, 0, 0, 0, 0, 0, 0, 3, 7, 1277
"e:\Projects\ArkPvZ\animation\character\plant\044_cattail\Cattail_face.tres", "GDResource", 1278, 0, 0, 0, 0, 0, 0, 0, 3, 7, 1288
"e:\Projects\ArkPvZ\animation\character\plant\044_cattail\Cattail_idle.tres", "GDResource", 1278, 0, 0, 0, 0, 0, 0, 0, 0, 3, 1281
"e:\Projects\ArkPvZ\animation\character\plant\044_cattail\Cattail_shooting.tres", "GDResource", 1292, 0, 0, 0, 0, 0, 0, 0, 0, 3, 1295
"e:\Projects\ArkPvZ\animation\character\plant\045_winter_melon\WinterMelon_blink.tres", "GDResource", 1351, 0, 0, 0, 0, 0, 0, 0, 3, 7, 1361
"e:\Projects\ArkPvZ\animation\character\plant\045_winter_melon\WinterMelon_face.tres", "GDResource", 1360, 0, 0, 0, 0, 0, 0, 0, 3, 7, 1370
"e:\Projects\ArkPvZ\animation\character\plant\045_winter_melon\WinterMelon_idle.tres", "GDResource", 1360, 0, 0, 0, 0, 0, 0, 0, 0, 3, 1363
"e:\Projects\ArkPvZ\animation\character\plant\045_winter_melon\WinterMelon_shooting.tres", "GDResource", 1374, 0, 0, 0, 0, 0, 0, 0, 0, 3, 1377
"e:\Projects\ArkPvZ\animation\character\plant\046_gold_magnet\GoldMagnet_attract.tres", "GDResource", 1293, 0, 0, 0, 0, 0, 0, 0, 0, 3, 1296
"e:\Projects\ArkPvZ\animation\character\plant\046_gold_magnet\GoldMagnet_blink.tres", "GDResource", 1267, 0, 0, 0, 0, 0, 0, 0, 3, 7, 1277
"e:\Projects\ArkPvZ\animation\character\plant\046_gold_magnet\GoldMagnet_face.tres", "GDResource", 1281, 0, 0, 0, 0, 0, 0, 0, 3, 7, 1291
"e:\Projects\ArkPvZ\animation\character\plant\046_gold_magnet\GoldMagnet_idle.tres", "GDResource", 1278, 0, 0, 0, 0, 0, 0, 0, 0, 3, 1281
"e:\Projects\ArkPvZ\animation\character\plant\047_spike_rock\SpikeRock_attack.tres", "GDResource", 1626, 0, 0, 0, 0, 0, 0, 0, 0, 3, 1629
"e:\Projects\ArkPvZ\animation\character\plant\047_spike_rock\SpikeRock_blink.tres", "GDResource", 1602, 0, 0, 0, 0, 0, 0, 0, 3, 7, 1612
"e:\Projects\ArkPvZ\animation\character\plant\047_spike_rock\SpikeRock_eye_leftbrow.tres", "GDResource", 1602, 0, 0, 0, 0, 0, 0, 0, 3, 7, 1612
"e:\Projects\ArkPvZ\animation\character\plant\047_spike_rock\SpikeRock_eye_rightbrow.tres", "GDResource", 1602, 0, 0, 0, 0, 0, 0, 0, 3, 7, 1612
"e:\Projects\ArkPvZ\animation\character\plant\047_spike_rock\SpikeRock_face.tres", "GDResource", 1608, 0, 0, 0, 0, 0, 0, 0, 3, 7, 1618
"e:\Projects\ArkPvZ\animation\character\plant\047_spike_rock\SpikeRock_idle.tres", "GDResource", 1609, 0, 0, 0, 0, 0, 0, 0, 0, 3, 1612
"e:\Projects\ArkPvZ\animation\character\plant\048_cob_cannon\CobCannon_blink.tres", "GDResource", 1687, 0, 0, 0, 0, 0, 0, 0, 3, 7, 1697
"e:\Projects\ArkPvZ\animation\character\plant\048_cob_cannon\CobCannon_charge.tres", "GDResource", 1708, 0, 0, 0, 0, 0, 0, 0, 0, 3, 1711
"e:\Projects\ArkPvZ\animation\character\plant\048_cob_cannon\CobCannon_face.tres", "GDResource", 1695, 0, 0, 0, 0, 0, 0, 0, 3, 7, 1705
"e:\Projects\ArkPvZ\animation\character\plant\048_cob_cannon\CobCannon_idle.tres", "GDResource", 1695, 0, 0, 0, 0, 0, 0, 0, 0, 3, 1698
"e:\Projects\ArkPvZ\animation\character\plant\048_cob_cannon\CobCannon_shooting.tres", "GDResource", 1709, 0, 0, 0, 0, 0, 0, 0, 0, 3, 1712
"e:\Projects\ArkPvZ\animation\character\plant\048_cob_cannon\CobCannon_unarmed_idle.tres", "GDResource", 1694, 0, 0, 0, 0, 0, 0, 0, 0, 3, 1697
"e:\Projects\ArkPvZ\animation\character\plant\999_imitater\Imitater_blink.tres", "GDResource", 1014, 0, 0, 0, 0, 0, 0, 0, 0, 3, 1017
"e:\Projects\ArkPvZ\animation\character\plant\999_imitater\Imitater_explode.tres", "GDResource", 1036, 0, 0, 0, 0, 0, 0, 0, 0, 3, 1039
"e:\Projects\ArkPvZ\animation\character\plant\999_imitater\Imitater_face.tres", "GDResource", 1019, 0, 0, 0, 0, 0, 0, 0, 0, 3, 1022
"e:\Projects\ArkPvZ\animation\character\plant\999_imitater\Imitater_idle.tres", "GDResource", 1020, 0, 0, 0, 0, 0, 0, 0, 0, 3, 1023
"e:\Projects\ArkPvZ\animation\character\zombie\001_zombie_norm\Zombie_bucket.tres", "GDResource", 2640, 0, 0, 0, 0, 0, 0, 0, 0, 3, 2643
"e:\Projects\ArkPvZ\animation\character\zombie\001_zombie_norm\Zombie_cone.tres", "GDResource", 2640, 0, 0, 0, 0, 0, 0, 0, 0, 3, 2643
"e:\Projects\ArkPvZ\animation\character\zombie\001_zombie_norm\Zombie_dance.tres", "GDResource", 1520, 0, 0, 0, 0, 0, 0, 0, 0, 3, 1523
"e:\Projects\ArkPvZ\animation\character\zombie\001_zombie_norm\Zombie_death.tres", "GDResource", 1175, 0, 0, 0, 0, 0, 0, 0, 0, 3, 1178
"e:\Projects\ArkPvZ\animation\character\zombie\001_zombie_norm\Zombie_death2.tres", "GDResource", 1175, 0, 0, 0, 0, 0, 0, 0, 0, 3, 1178
"e:\Projects\ArkPvZ\animation\character\zombie\001_zombie_norm\Zombie_eat.tres", "GDResource", 1669, 0, 0, 0, 0, 0, 0, 0, 0, 3, 1672
"e:\Projects\ArkPvZ\animation\character\zombie\001_zombie_norm\Zombie_hair.tres", "GDResource", 2640, 0, 0, 0, 0, 0, 0, 0, 0, 3, 2643
"e:\Projects\ArkPvZ\animation\character\zombie\001_zombie_norm\Zombie_head1.tres", "GDResource", 2640, 0, 0, 0, 0, 0, 0, 0, 0, 3, 2643
"e:\Projects\ArkPvZ\animation\character\zombie\001_zombie_norm\Zombie_head2.tres", "GDResource", 2640, 0, 0, 0, 0, 0, 0, 0, 0, 3, 2643
"e:\Projects\ArkPvZ\animation\character\zombie\001_zombie_norm\Zombie_idle.tres", "GDResource", 1820, 0, 0, 0, 0, 0, 0, 0, 0, 3, 1823
"e:\Projects\ArkPvZ\animation\character\zombie\001_zombie_norm\Zombie_idle2.tres", "GDResource", 1820, 0, 0, 0, 0, 0, 0, 0, 0, 3, 1823
"e:\Projects\ArkPvZ\animation\character\zombie\001_zombie_norm\Zombie_innerarm1.tres", "GDResource", 2645, 0, 0, 0, 0, 0, 0, 0, 0, 3, 2648
"e:\Projects\ArkPvZ\animation\character\zombie\001_zombie_norm\Zombie_innerarm2.tres", "GDResource", 2641, 0, 0, 0, 0, 0, 0, 0, 0, 3, 2644
"e:\Projects\ArkPvZ\animation\character\zombie\001_zombie_norm\Zombie_innerarm3.tres", "GDResource", 2641, 0, 0, 0, 0, 0, 0, 0, 0, 3, 2644
"e:\Projects\ArkPvZ\animation\character\zombie\001_zombie_norm\Zombie_screendoor.tres", "GDResource", 2638, 0, 0, 0, 0, 0, 0, 0, 0, 3, 2641
"e:\Projects\ArkPvZ\animation\character\zombie\001_zombie_norm\Zombie_superlongdeath.tres", "GDResource", 1030, 0, 0, 0, 0, 0, 0, 0, 0, 2, 1032
"e:\Projects\ArkPvZ\animation\character\zombie\001_zombie_norm\Zombie_swim.tres", "GDResource", 1429, 0, 0, 0, 0, 0, 0, 0, 0, 3, 1432
"e:\Projects\ArkPvZ\animation\character\zombie\001_zombie_norm\Zombie_tongue.tres", "GDResource", 2640, 0, 0, 0, 0, 0, 0, 0, 0, 3, 2643
"e:\Projects\ArkPvZ\animation\character\zombie\001_zombie_norm\Zombie_walk.tres", "GDResource", 1822, 0, 0, 0, 0, 0, 0, 0, 0, 3, 1825
"e:\Projects\ArkPvZ\animation\character\zombie\001_zombie_norm\Zombie_walk2.tres", "GDResource", 1774, 0, 0, 0, 0, 0, 0, 0, 0, 3, 1777
"e:\Projects\ArkPvZ\animation\character\zombie\001_zombie_norm\Zombie_waterdeath.tres", "GDResource", 759, 0, 0, 0, 0, 0, 0, 0, 0, 3, 762
"e:\Projects\ArkPvZ\animation\character\zombie\001_zombie_norm\animation_node_state_machine_playback_zombie_norm.tres", "GDResource", 2, 0, 0, 0, 0, 0, 0, 0, 0, 2, 4
"e:\Projects\ArkPvZ\animation\character\zombie\004_zombie_pole_vaulter\Zombie_polevaulter_death.tres", "GDResource", 1586, 0, 0, 0, 0, 0, 0, 0, 0, 3, 1589
"e:\Projects\ArkPvZ\animation\character\zombie\004_zombie_pole_vaulter\Zombie_polevaulter_eat.tres", "GDResource", 1602, 0, 0, 0, 0, 0, 0, 0, 0, 3, 1605
"e:\Projects\ArkPvZ\animation\character\zombie\004_zombie_pole_vaulter\Zombie_polevaulter_hair.tres", "GDResource", 1596, 0, 0, 0, 0, 0, 0, 0, 0, 3, 1599
"e:\Projects\ArkPvZ\animation\character\zombie\004_zombie_pole_vaulter\Zombie_polevaulter_head1.tres", "GDResource", 1596, 0, 0, 0, 0, 0, 0, 0, 0, 3, 1599
"e:\Projects\ArkPvZ\animation\character\zombie\004_zombie_pole_vaulter\Zombie_polevaulter_head2.tres", "GDResource", 1596, 0, 0, 0, 0, 0, 0, 0, 0, 3, 1599
"e:\Projects\ArkPvZ\animation\character\zombie\004_zombie_pole_vaulter\Zombie_polevaulter_idle.tres", "GDResource", 1561, 0, 0, 0, 0, 0, 0, 0, 0, 3, 1564
"e:\Projects\ArkPvZ\animation\character\zombie\004_zombie_pole_vaulter\Zombie_polevaulter_jump.tres", "GDResource", 1606, 0, 0, 0, 0, 0, 0, 0, 0, 3, 1609
"e:\Projects\ArkPvZ\animation\character\zombie\004_zombie_pole_vaulter\Zombie_polevaulter_run.tres", "GDResource", 1612, 0, 0, 0, 0, 0, 0, 0, 0, 3, 1615
"e:\Projects\ArkPvZ\animation\character\zombie\004_zombie_pole_vaulter\Zombie_polevaulter_walk.tres", "GDResource", 1671, 0, 0, 0, 0, 0, 0, 0, 0, 3, 1674
"e:\Projects\ArkPvZ\animation\character\zombie\006_zombie_paper\Zombie_paper_death.tres", "GDResource", 1825, 0, 0, 0, 0, 0, 0, 0, 0, 3, 1828
"e:\Projects\ArkPvZ\animation\character\zombie\006_zombie_paper\Zombie_paper_eat.tres", "GDResource", 1826, 0, 0, 0, 0, 0, 0, 0, 0, 3, 1829
"e:\Projects\ArkPvZ\animation\character\zombie\006_zombie_paper\Zombie_paper_eat_nopaper.tres", "GDResource", 1803, 0, 0, 0, 0, 0, 0, 0, 0, 3, 1806
"e:\Projects\ArkPvZ\animation\character\zombie\006_zombie_paper\Zombie_paper_gasp.tres", "GDResource", 1789, 0, 0, 0, 0, 0, 0, 0, 0, 3, 1792
"e:\Projects\ArkPvZ\animation\character\zombie\006_zombie_paper\Zombie_paper_hair.tres", "GDResource", 2632, 0, 0, 0, 0, 0, 0, 0, 0, 3, 2635
"e:\Projects\ArkPvZ\animation\character\zombie\006_zombie_paper\Zombie_paper_hairpiece.tres", "GDResource", 2632, 0, 0, 0, 0, 0, 0, 0, 0, 3, 2635
"e:\Projects\ArkPvZ\animation\character\zombie\006_zombie_paper\Zombie_paper_head1.tres", "GDResource", 2632, 0, 0, 0, 0, 0, 0, 0, 0, 3, 2635
"e:\Projects\ArkPvZ\animation\character\zombie\006_zombie_paper\Zombie_paper_head_glasses.tres", "GDResource", 2632, 0, 0, 0, 0, 0, 0, 0, 0, 3, 2635
"e:\Projects\ArkPvZ\animation\character\zombie\006_zombie_paper\Zombie_paper_head_jaw.tres", "GDResource", 2632, 0, 0, 0, 0, 0, 0, 0, 0, 3, 2635
"e:\Projects\ArkPvZ\animation\character\zombie\006_zombie_paper\Zombie_paper_head_look.tres", "GDResource", 2631, 0, 0, 0, 0, 0, 0, 0, 0, 3, 2634
"e:\Projects\ArkPvZ\animation\character\zombie\006_zombie_paper\Zombie_paper_head_pupils.tres", "GDResource", 2631, 0, 0, 0, 0, 0, 0, 0, 0, 3, 2634
"e:\Projects\ArkPvZ\animation\character\zombie\006_zombie_paper\Zombie_paper_idle.tres", "GDResource", 1871, 0, 0, 0, 0, 0, 0, 0, 0, 3, 1874
"e:\Projects\ArkPvZ\animation\character\zombie\006_zombie_paper\Zombie_paper_walk.tres", "GDResource", 1897, 0, 0, 0, 0, 0, 0, 0, 0, 3, 1900
"e:\Projects\ArkPvZ\animation\character\zombie\006_zombie_paper\Zombie_paper_walk_nopaper.tres", "GDResource", 1873, 0, 0, 0, 0, 0, 0, 0, 0, 3, 1876
"e:\Projects\ArkPvZ\animation\character\zombie\008_zombie_football\Zombie_football_death.tres", "GDResource", 1226, 0, 0, 0, 0, 0, 0, 0, 0, 3, 1229
"e:\Projects\ArkPvZ\animation\character\zombie\008_zombie_football\Zombie_football_eat.tres", "GDResource", 1230, 0, 0, 0, 0, 0, 0, 0, 0, 3, 1233
"e:\Projects\ArkPvZ\animation\character\zombie\008_zombie_football\Zombie_football_hair.tres", "GDResource", 1288, 0, 0, 0, 0, 0, 0, 0, 0, 3, 1291
"e:\Projects\ArkPvZ\animation\character\zombie\008_zombie_football\Zombie_football_head1.tres", "GDResource", 1288, 0, 0, 0, 0, 0, 0, 0, 0, 3, 1291
"e:\Projects\ArkPvZ\animation\character\zombie\008_zombie_football\Zombie_football_head2.tres", "GDResource", 1288, 0, 0, 0, 0, 0, 0, 0, 0, 3, 1291
"e:\Projects\ArkPvZ\animation\character\zombie\008_zombie_football\Zombie_football_idle.tres", "GDResource", 1213, 0, 0, 0, 0, 0, 0, 0, 0, 3, 1216
"e:\Projects\ArkPvZ\animation\character\zombie\008_zombie_football\Zombie_football_walk.tres", "GDResource", 1287, 0, 0, 0, 0, 0, 0, 0, 0, 3, 1290
"e:\Projects\ArkPvZ\animation\character\zombie\009_zombie_jackson\Zombie_Jackson_armraise.tres", "GDResource", 1218, 0, 0, 0, 0, 0, 0, 0, 0, 3, 1221
"e:\Projects\ArkPvZ\animation\character\zombie\009_zombie_jackson\Zombie_Jackson_death.tres", "GDResource", 1232, 0, 0, 0, 0, 0, 0, 0, 0, 3, 1235
"e:\Projects\ArkPvZ\animation\character\zombie\009_zombie_jackson\Zombie_Jackson_eat.tres", "GDResource", 1250, 0, 0, 0, 0, 0, 0, 0, 0, 3, 1253
"e:\Projects\ArkPvZ\animation\character\zombie\009_zombie_jackson\Zombie_Jackson_hair.tres", "GDResource", 1265, 0, 0, 0, 0, 0, 0, 0, 0, 2, 1267
"e:\Projects\ArkPvZ\animation\character\zombie\009_zombie_jackson\Zombie_Jackson_head1.tres", "GDResource", 1265, 0, 0, 0, 0, 0, 0, 0, 0, 2, 1267
"e:\Projects\ArkPvZ\animation\character\zombie\009_zombie_jackson\Zombie_Jackson_head2.tres", "GDResource", 1265, 0, 0, 0, 0, 0, 0, 0, 0, 2, 1267
"e:\Projects\ArkPvZ\animation\character\zombie\009_zombie_jackson\Zombie_Jackson_moonwalk.tres", "GDResource", 1293, 0, 0, 0, 0, 0, 0, 0, 0, 3, 1296
"e:\Projects\ArkPvZ\animation\character\zombie\009_zombie_jackson\Zombie_Jackson_point.tres", "GDResource", 1233, 0, 0, 0, 0, 0, 0, 0, 0, 3, 1236
"e:\Projects\ArkPvZ\animation\character\zombie\009_zombie_jackson\Zombie_Jackson_walk.tres", "GDResource", 1278, 0, 0, 0, 0, 0, 0, 0, 0, 3, 1281
"e:\Projects\ArkPvZ\animation\character\zombie\010_zombie_dancer\Zombie_dancer_armraise.tres", "GDResource", 1598, 0, 0, 0, 0, 0, 0, 0, 0, 3, 1601
"e:\Projects\ArkPvZ\animation\character\zombie\010_zombie_dancer\Zombie_dancer_death.tres", "GDResource", 1612, 0, 0, 0, 0, 0, 0, 0, 0, 3, 1615
"e:\Projects\ArkPvZ\animation\character\zombie\010_zombie_dancer\Zombie_dancer_earing.tres", "GDResource", 1898, 0, 0, 0, 0, 0, 0, 0, 0, 3, 1901
"e:\Projects\ArkPvZ\animation\character\zombie\010_zombie_dancer\Zombie_dancer_eat.tres", "GDResource", 1630, 0, 0, 0, 0, 0, 0, 0, 0, 3, 1633
"e:\Projects\ArkPvZ\animation\character\zombie\010_zombie_dancer\Zombie_dancer_hair.tres", "GDResource", 1898, 0, 0, 0, 0, 0, 0, 0, 0, 3, 1901
"e:\Projects\ArkPvZ\animation\character\zombie\010_zombie_dancer\Zombie_dancer_head1.tres", "GDResource", 1898, 0, 0, 0, 0, 0, 0, 0, 0, 3, 1901
"e:\Projects\ArkPvZ\animation\character\zombie\010_zombie_dancer\Zombie_dancer_head2.tres", "GDResource", 1898, 0, 0, 0, 0, 0, 0, 0, 0, 3, 1901
"e:\Projects\ArkPvZ\animation\character\zombie\010_zombie_dancer\Zombie_dancer_walk.tres", "GDResource", 1610, 0, 0, 0, 0, 0, 0, 0, 0, 3, 1613
"e:\Projects\ArkPvZ\animation\character\zombie\012_zombie_snorkle\Zombie_snorkle_aquarium_bite.tres", "GDResource", 1633, 0, 0, 0, 0, 0, 0, 0, 0, 3, 1636
"e:\Projects\ArkPvZ\animation\character\zombie\012_zombie_snorkle\Zombie_snorkle_aquarium_death.tres", "GDResource", 1633, 0, 0, 0, 0, 0, 0, 0, 0, 3, 1636
"e:\Projects\ArkPvZ\animation\character\zombie\012_zombie_snorkle\Zombie_snorkle_aquarium_swim.tres", "GDResource", 1630, 0, 0, 0, 0, 0, 0, 0, 0, 3, 1633
"e:\Projects\ArkPvZ\animation\character\zombie\012_zombie_snorkle\Zombie_snorkle_death.tres", "GDResource", 1720, 0, 0, 0, 0, 0, 0, 0, 0, 3, 1723
"e:\Projects\ArkPvZ\animation\character\zombie\012_zombie_snorkle\Zombie_snorkle_eat.tres", "GDResource", 1711, 0, 0, 0, 0, 0, 0, 0, 0, 3, 1714
"e:\Projects\ArkPvZ\animation\character\zombie\012_zombie_snorkle\Zombie_snorkle_head1.tres", "GDResource", 2630, 0, 0, 0, 0, 0, 0, 0, 0, 3, 2633
"e:\Projects\ArkPvZ\animation\character\zombie\012_zombie_snorkle\Zombie_snorkle_head_jaw.tres", "GDResource", 2633, 0, 0, 0, 0, 0, 0, 0, 0, 3, 2636
"e:\Projects\ArkPvZ\animation\character\zombie\012_zombie_snorkle\Zombie_snorkle_head_lips.tres", "GDResource", 2633, 0, 0, 0, 0, 0, 0, 0, 0, 3, 2636
"e:\Projects\ArkPvZ\animation\character\zombie\012_zombie_snorkle\Zombie_snorkle_head_snorkle.tres", "GDResource", 2631, 0, 0, 0, 0, 0, 0, 0, 0, 3, 2634
"e:\Projects\ArkPvZ\animation\character\zombie\012_zombie_snorkle\Zombie_snorkle_idle.tres", "GDResource", 1629, 0, 0, 0, 0, 0, 0, 0, 0, 3, 1632
"e:\Projects\ArkPvZ\animation\character\zombie\012_zombie_snorkle\Zombie_snorkle_jumpinpool.tres", "GDResource", 1728, 0, 0, 0, 0, 0, 0, 0, 0, 3, 1731
"e:\Projects\ArkPvZ\animation\character\zombie\012_zombie_snorkle\Zombie_snorkle_swim.tres", "GDResource", 1702, 0, 0, 0, 0, 0, 0, 0, 0, 3, 1705
"e:\Projects\ArkPvZ\animation\character\zombie\012_zombie_snorkle\Zombie_snorkle_uptoeat.tres", "GDResource", 1720, 0, 0, 0, 0, 0, 0, 0, 0, 3, 1723
"e:\Projects\ArkPvZ\animation\character\zombie\012_zombie_snorkle\Zombie_snorkle_uptoeat2.tres", "GDResource", 1720, 0, 0, 0, 0, 0, 0, 0, 0, 3, 1723
"e:\Projects\ArkPvZ\animation\character\zombie\012_zombie_snorkle\Zombie_snorkle_walk.tres", "GDResource", 1727, 0, 0, 0, 0, 0, 0, 0, 0, 3, 1730
"e:\Projects\ArkPvZ\animation\character\zombie\013_zombie_zamboni\Zombie_charred_zamboni_blink.tres", "GDResource", 1017, 0, 0, 0, 0, 0, 0, 0, 3, 7, 1027
"e:\Projects\ArkPvZ\animation\character\zombie\013_zombie_zamboni\Zombie_charred_zamboni_crumble.tres", "GDResource", 1032, 0, 0, 0, 0, 0, 0, 0, 3, 7, 1042
"e:\Projects\ArkPvZ\animation\character\zombie\013_zombie_zamboni\Zombie_zamboni_drive.tres", "GDResource", 2028, 0, 0, 0, 0, 0, 0, 0, 0, 3, 2031
"e:\Projects\ArkPvZ\animation\character\zombie\013_zombie_zamboni\Zombie_zamboni_wheelie1.tres", "GDResource", 2041, 0, 0, 0, 0, 0, 0, 0, 0, 3, 2044
"e:\Projects\ArkPvZ\animation\character\zombie\013_zombie_zamboni\Zombie_zamboni_wheelie2.tres", "GDResource", 2027, 0, 0, 0, 0, 0, 0, 0, 0, 3, 2030
"e:\Projects\ArkPvZ\animation\character\zombie\014_zombie_bobsled\Zombie_bobsled_death.tres", "GDResource", 1416, 0, 0, 0, 0, 0, 0, 0, 0, 3, 1419
"e:\Projects\ArkPvZ\animation\character\zombie\014_zombie_bobsled\Zombie_bobsled_eat.tres", "GDResource", 1370, 0, 0, 0, 0, 0, 0, 0, 0, 3, 1373
"e:\Projects\ArkPvZ\animation\character\zombie\014_zombie_bobsled\Zombie_bobsled_head1.tres", "GDResource", 2206, 0, 0, 0, 0, 0, 0, 0, 0, 3, 2209
"e:\Projects\ArkPvZ\animation\character\zombie\014_zombie_bobsled\Zombie_bobsled_head2.tres", "GDResource", 2206, 0, 0, 0, 0, 0, 0, 0, 0, 3, 2209
"e:\Projects\ArkPvZ\animation\character\zombie\014_zombie_bobsled\Zombie_bobsled_idle.tres", "GDResource", 1403, 0, 0, 0, 0, 0, 0, 0, 0, 3, 1406
"e:\Projects\ArkPvZ\animation\character\zombie\014_zombie_bobsled\Zombie_bobsled_jump.tres", "GDResource", 1416, 0, 0, 0, 0, 0, 0, 0, 0, 3, 1419
"e:\Projects\ArkPvZ\animation\character\zombie\014_zombie_bobsled\Zombie_bobsled_push.tres", "GDResource", 1429, 0, 0, 0, 0, 0, 0, 0, 0, 3, 1432
"e:\Projects\ArkPvZ\animation\character\zombie\014_zombie_bobsled\Zombie_bobsled_walk.tres", "GDResource", 1429, 0, 0, 0, 0, 0, 0, 0, 0, 3, 1432
"e:\Projects\ArkPvZ\animation\character\zombie\015_zombie_dolphinrider\Zombie_dolphinrider_death.tres", "GDResource", 2588, 0, 0, 0, 0, 0, 0, 0, 0, 3, 2591
"e:\Projects\ArkPvZ\animation\character\zombie\015_zombie_dolphinrider\Zombie_dolphinrider_dolphinjump.tres", "GDResource", 2695, 0, 0, 0, 0, 0, 0, 0, 0, 3, 2698
"e:\Projects\ArkPvZ\animation\character\zombie\015_zombie_dolphinrider\Zombie_dolphinrider_eat.tres", "GDResource", 2653, 0, 0, 0, 0, 0, 0, 0, 0, 3, 2656
"e:\Projects\ArkPvZ\animation\character\zombie\015_zombie_dolphinrider\Zombie_dolphinrider_head1.tres", "GDResource", 3392, 0, 0, 0, 0, 0, 0, 0, 0, 3, 3395
"e:\Projects\ArkPvZ\animation\character\zombie\015_zombie_dolphinrider\Zombie_dolphinrider_head2.tres", "GDResource", 3392, 0, 0, 0, 0, 0, 0, 0, 0, 3, 3395
"e:\Projects\ArkPvZ\animation\character\zombie\015_zombie_dolphinrider\Zombie_dolphinrider_idle.tres", "GDResource", 2643, 0, 0, 0, 0, 0, 0, 0, 0, 3, 2646
"e:\Projects\ArkPvZ\animation\character\zombie\015_zombie_dolphinrider\Zombie_dolphinrider_jumpinpool.tres", "GDResource", 2624, 0, 0, 0, 0, 0, 0, 0, 0, 3, 2627
"e:\Projects\ArkPvZ\animation\character\zombie\015_zombie_dolphinrider\Zombie_dolphinrider_ride.tres", "GDResource", 2647, 0, 0, 0, 0, 0, 0, 0, 0, 3, 2650
"e:\Projects\ArkPvZ\animation\character\zombie\015_zombie_dolphinrider\Zombie_dolphinrider_swim.tres", "GDResource", 2662, 0, 0, 0, 0, 0, 0, 0, 0, 3, 2665
"e:\Projects\ArkPvZ\animation\character\zombie\015_zombie_dolphinrider\Zombie_dolphinrider_walk.tres", "GDResource", 2657, 0, 0, 0, 0, 0, 0, 0, 0, 3, 2660
"e:\Projects\ArkPvZ\animation\character\zombie\015_zombie_dolphinrider\Zombie_dolphinrider_walkdolphin.tres", "GDResource", 2657, 0, 0, 0, 0, 0, 0, 0, 0, 3, 2660
"e:\Projects\ArkPvZ\animation\character\zombie\016_zombie_jackbox\Zombie_jackbox_death.tres", "GDResource", 1716, 0, 0, 0, 0, 0, 0, 0, 0, 3, 1719
"e:\Projects\ArkPvZ\animation\character\zombie\016_zombie_jackbox\Zombie_jackbox_eat.tres", "GDResource", 1714, 0, 0, 0, 0, 0, 0, 0, 0, 3, 1717
"e:\Projects\ArkPvZ\animation\character\zombie\016_zombie_jackbox\Zombie_jackbox_head1.tres", "GDResource", 1873, 0, 0, 0, 0, 0, 0, 0, 0, 3, 1876
"e:\Projects\ArkPvZ\animation\character\zombie\016_zombie_jackbox\Zombie_jackbox_head2.tres", "GDResource", 1873, 0, 0, 0, 0, 0, 0, 0, 0, 3, 1876
"e:\Projects\ArkPvZ\animation\character\zombie\016_zombie_jackbox\Zombie_jackbox_idle.tres", "GDResource", 1700, 0, 0, 0, 0, 0, 0, 0, 0, 3, 1703
"e:\Projects\ArkPvZ\animation\character\zombie\016_zombie_jackbox\Zombie_jackbox_pop.tres", "GDResource", 1734, 0, 0, 0, 0, 0, 0, 0, 0, 3, 1737
"e:\Projects\ArkPvZ\animation\character\zombie\016_zombie_jackbox\Zombie_jackbox_walk.tres", "GDResource", 1726, 0, 0, 0, 0, 0, 0, 0, 0, 3, 1729
"e:\Projects\ArkPvZ\animation\character\zombie\017_zombie_balloon\Zombie_balloon_death.tres", "GDResource", 1815, 0, 0, 0, 0, 0, 0, 0, 0, 3, 1818
"e:\Projects\ArkPvZ\animation\character\zombie\017_zombie_balloon\Zombie_balloon_eat.tres", "GDResource", 1819, 0, 0, 0, 0, 0, 0, 0, 0, 3, 1822
"e:\Projects\ArkPvZ\animation\character\zombie\017_zombie_balloon\Zombie_balloon_head1.tres", "GDResource", 1959, 0, 0, 0, 0, 0, 0, 0, 0, 3, 1962
"e:\Projects\ArkPvZ\animation\character\zombie\017_zombie_balloon\Zombie_balloon_head2.tres", "GDResource", 1959, 0, 0, 0, 0, 0, 0, 0, 0, 3, 1962
"e:\Projects\ArkPvZ\animation\character\zombie\017_zombie_balloon\Zombie_balloon_idle.tres", "GDResource", 1800, 0, 0, 0, 0, 0, 0, 0, 0, 3, 1803
"e:\Projects\ArkPvZ\animation\character\zombie\017_zombie_balloon\Zombie_balloon_pop.tres", "GDResource", 1816, 0, 0, 0, 0, 0, 0, 0, 0, 3, 1819
"e:\Projects\ArkPvZ\animation\character\zombie\017_zombie_balloon\Zombie_balloon_swing.tres", "GDResource", 1800, 0, 0, 0, 0, 0, 0, 0, 0, 3, 1803
"e:\Projects\ArkPvZ\animation\character\zombie\017_zombie_balloon\Zombie_balloon_walk.tres", "GDResource", 1828, 0, 0, 0, 0, 0, 0, 0, 0, 3, 1831
"e:\Projects\ArkPvZ\animation\character\zombie\018_zombie_digger\Zombie_charred_digger.tscn", "GDScene", 0, 1083, 0, 0, 0, 0, 0, 0, 2, 24, 1109
"e:\Projects\ArkPvZ\animation\character\zombie\018_zombie_digger\Zombie_charred_digger_crumble.tres", "GDResource", 1029, 0, 0, 0, 0, 0, 0, 0, 0, 3, 1032
"e:\Projects\ArkPvZ\animation\character\zombie\018_zombie_digger\Zombie_charred_digger_crumble_noaxe.tres", "GDResource", 1029, 0, 0, 0, 0, 0, 0, 0, 3, 7, 1039
"e:\Projects\ArkPvZ\animation\character\zombie\018_zombie_digger\Zombie_digger_death.tres", "GDResource", 1859, 0, 0, 0, 0, 0, 0, 0, 0, 3, 1862
"e:\Projects\ArkPvZ\animation\character\zombie\018_zombie_digger\Zombie_digger_dig.tres", "GDResource", 1850, 0, 0, 0, 0, 0, 0, 0, 0, 3, 1853
"e:\Projects\ArkPvZ\animation\character\zombie\018_zombie_digger\Zombie_digger_dizzy.tres", "GDResource", 1849, 0, 0, 0, 0, 0, 0, 0, 0, 3, 1852
"e:\Projects\ArkPvZ\animation\character\zombie\018_zombie_digger\Zombie_digger_drill.tres", "GDResource", 1849, 0, 0, 0, 0, 0, 0, 0, 0, 3, 1852
"e:\Projects\ArkPvZ\animation\character\zombie\018_zombie_digger\Zombie_digger_eat.tres", "GDResource", 1862, 0, 0, 0, 0, 0, 0, 0, 0, 3, 1865
"e:\Projects\ArkPvZ\animation\character\zombie\018_zombie_digger\Zombie_digger_head1.tres", "GDResource", 1959, 0, 0, 0, 0, 0, 0, 0, 0, 3, 1962
"e:\Projects\ArkPvZ\animation\character\zombie\018_zombie_digger\Zombie_digger_head2.tres", "GDResource", 1959, 0, 0, 0, 0, 0, 0, 0, 0, 3, 1962
"e:\Projects\ArkPvZ\animation\character\zombie\018_zombie_digger\Zombie_digger_idle.tres", "GDResource", 1845, 0, 0, 0, 0, 0, 0, 0, 0, 3, 1848
"e:\Projects\ArkPvZ\animation\character\zombie\018_zombie_digger\Zombie_digger_landing.tres", "GDResource", 1864, 0, 0, 0, 0, 0, 0, 0, 0, 3, 1867
"e:\Projects\ArkPvZ\animation\character\zombie\018_zombie_digger\Zombie_digger_walk.tres", "GDResource", 1871, 0, 0, 0, 0, 0, 0, 0, 0, 3, 1874
"e:\Projects\ArkPvZ\animation\character\zombie\019_zombie_pogo\Zombie_pogo_death.tres", "GDResource", 1751, 0, 0, 0, 0, 0, 0, 0, 0, 3, 1754
"e:\Projects\ArkPvZ\animation\character\zombie\019_zombie_pogo\Zombie_pogo_eat.tres", "GDResource", 1755, 0, 0, 0, 0, 0, 0, 0, 0, 3, 1758
"e:\Projects\ArkPvZ\animation\character\zombie\019_zombie_pogo\Zombie_pogo_hair.tres", "GDResource", 1872, 0, 0, 0, 0, 0, 0, 0, 0, 3, 1875
"e:\Projects\ArkPvZ\animation\character\zombie\019_zombie_pogo\Zombie_pogo_head1.tres", "GDResource", 1872, 0, 0, 0, 0, 0, 0, 0, 0, 3, 1875
"e:\Projects\ArkPvZ\animation\character\zombie\019_zombie_pogo\Zombie_pogo_head2.tres", "GDResource", 1872, 0, 0, 0, 0, 0, 0, 0, 0, 3, 1875
"e:\Projects\ArkPvZ\animation\character\zombie\019_zombie_pogo\Zombie_pogo_head_glasses.tres", "GDResource", 1872, 0, 0, 0, 0, 0, 0, 0, 0, 3, 1875
"e:\Projects\ArkPvZ\animation\character\zombie\019_zombie_pogo\Zombie_pogo_idle.tres", "GDResource", 1738, 0, 0, 0, 0, 0, 0, 0, 0, 3, 1741
"e:\Projects\ArkPvZ\animation\character\zombie\019_zombie_pogo\Zombie_pogo_innerarm1.tres", "GDResource", 1872, 0, 0, 0, 0, 0, 0, 0, 0, 3, 1875
"e:\Projects\ArkPvZ\animation\character\zombie\019_zombie_pogo\Zombie_pogo_innerarm2.tres", "GDResource", 1872, 0, 0, 0, 0, 0, 0, 0, 0, 3, 1875
"e:\Projects\ArkPvZ\animation\character\zombie\019_zombie_pogo\Zombie_pogo_innerarm3.tres", "GDResource", 1871, 0, 0, 0, 0, 0, 0, 0, 0, 3, 1874
"e:\Projects\ArkPvZ\animation\character\zombie\019_zombie_pogo\Zombie_pogo_pogo.tres", "GDResource", 1604, 0, 0, 0, 0, 0, 0, 0, 0, 3, 1607
"e:\Projects\ArkPvZ\animation\character\zombie\019_zombie_pogo\Zombie_pogo_walk.tres", "GDResource", 1764, 0, 0, 0, 0, 0, 0, 0, 0, 3, 1767
"e:\Projects\ArkPvZ\animation\character\zombie\020_zombie_yeti\Zombie_yeti_death.tres", "GDResource", 1281, 0, 0, 0, 0, 0, 0, 0, 0, 3, 1284
"e:\Projects\ArkPvZ\animation\character\zombie\020_zombie_yeti\Zombie_yeti_eat.tres", "GDResource", 1299, 0, 0, 0, 0, 0, 0, 0, 0, 3, 1302
"e:\Projects\ArkPvZ\animation\character\zombie\020_zombie_yeti\Zombie_yeti_head1.tres", "GDResource", 1700, 0, 0, 0, 0, 0, 0, 0, 3, 7, 1710
"e:\Projects\ArkPvZ\animation\character\zombie\020_zombie_yeti\Zombie_yeti_head2.tres", "GDResource", 1700, 0, 0, 0, 0, 0, 0, 0, 3, 7, 1710
"e:\Projects\ArkPvZ\animation\character\zombie\020_zombie_yeti\Zombie_yeti_idle.tres", "GDResource", 1268, 0, 0, 0, 0, 0, 0, 0, 0, 3, 1271
"e:\Projects\ArkPvZ\animation\character\zombie\020_zombie_yeti\Zombie_yeti_walk.tres", "GDResource", 1308, 0, 0, 0, 0, 0, 0, 0, 0, 3, 1311
"e:\Projects\ArkPvZ\animation\character\zombie\021_zombie_bungi\Zombie_bungi_drop.tres", "GDResource", 2377, 0, 0, 0, 0, 0, 0, 0, 0, 3, 2380
"e:\Projects\ArkPvZ\animation\character\zombie\021_zombie_bungi\Zombie_bungi_grab.tres", "GDResource", 2396, 0, 0, 0, 0, 0, 0, 0, 0, 3, 2399
"e:\Projects\ArkPvZ\animation\character\zombie\021_zombie_bungi\Zombie_bungi_head1.tres", "GDResource", 2376, 0, 0, 0, 0, 0, 0, 0, 0, 3, 2379
"e:\Projects\ArkPvZ\animation\character\zombie\021_zombie_bungi\Zombie_bungi_hold.tres", "GDResource", 2382, 0, 0, 0, 0, 0, 0, 0, 0, 3, 2385
"e:\Projects\ArkPvZ\animation\character\zombie\021_zombie_bungi\Zombie_bungi_idle.tres", "GDResource", 2377, 0, 0, 0, 0, 0, 0, 0, 0, 3, 2380
"e:\Projects\ArkPvZ\animation\character\zombie\021_zombie_bungi\Zombie_bungi_raise.tres", "GDResource", 2395, 0, 0, 0, 0, 0, 0, 0, 0, 3, 2398
"e:\Projects\ArkPvZ\animation\character\zombie\022_zombie_ladder\Zombie_ladder_death.tres", "GDResource", 1705, 0, 0, 0, 0, 0, 0, 0, 0, 3, 1708
"e:\Projects\ArkPvZ\animation\character\zombie\022_zombie_ladder\Zombie_ladder_eat.tres", "GDResource", 1706, 0, 0, 0, 0, 0, 0, 0, 0, 3, 1709
"e:\Projects\ArkPvZ\animation\character\zombie\022_zombie_ladder\Zombie_ladder_head1.tres", "GDResource", 1793, 0, 0, 0, 0, 0, 0, 0, 0, 3, 1796
"e:\Projects\ArkPvZ\animation\character\zombie\022_zombie_ladder\Zombie_ladder_head2.tres", "GDResource", 1793, 0, 0, 0, 0, 0, 0, 0, 0, 3, 1796
"e:\Projects\ArkPvZ\animation\character\zombie\022_zombie_ladder\Zombie_ladder_idle.tres", "GDResource", 1691, 0, 0, 0, 0, 0, 0, 0, 0, 3, 1694
"e:\Projects\ArkPvZ\animation\character\zombie\022_zombie_ladder\Zombie_ladder_laddereat.tres", "GDResource", 1705, 0, 0, 0, 0, 0, 0, 0, 0, 3, 1708
"e:\Projects\ArkPvZ\animation\character\zombie\022_zombie_ladder\Zombie_ladder_ladderwalk.tres", "GDResource", 1789, 0, 0, 0, 0, 0, 0, 0, 0, 3, 1792
"e:\Projects\ArkPvZ\animation\character\zombie\022_zombie_ladder\Zombie_ladder_placeladder.tres", "GDResource", 1710, 0, 0, 0, 0, 0, 0, 0, 0, 3, 1713
"e:\Projects\ArkPvZ\animation\character\zombie\022_zombie_ladder\Zombie_ladder_walk.tres", "GDResource", 1790, 0, 0, 0, 0, 0, 0, 0, 0, 3, 1793
"e:\Projects\ArkPvZ\animation\character\zombie\023_zombie_catapult\Zombie_catapult.tscn", "GDScene", 0, 3500, 0, 0, 0, 0, 0, 0, 0, 54, 3554
"e:\Projects\ArkPvZ\animation\character\zombie\023_zombie_catapult\Zombie_catapult_bounce.tres", "GDResource", 3170, 0, 0, 0, 0, 0, 0, 0, 0, 3, 3173
"e:\Projects\ArkPvZ\animation\character\zombie\023_zombie_catapult\Zombie_catapult_idle.tres", "GDResource", 3156, 0, 0, 0, 0, 0, 0, 0, 0, 3, 3159
"e:\Projects\ArkPvZ\animation\character\zombie\023_zombie_catapult\Zombie_catapult_shoot.tres", "GDResource", 3190, 0, 0, 0, 0, 0, 0, 0, 0, 3, 3193
"e:\Projects\ArkPvZ\animation\character\zombie\023_zombie_catapult\Zombie_catapult_walk.tres", "GDResource", 3157, 0, 0, 0, 0, 0, 0, 0, 0, 3, 3160
"e:\Projects\ArkPvZ\animation\character\zombie\024_zombie_gargantuar\Zombie_gargantuar.tscn", "GDScene", 0, 3454, 0, 0, 0, 0, 0, 0, 0, 57, 3511
"e:\Projects\ArkPvZ\animation\character\zombie\024_zombie_gargantuar\Zombie_gargantuar_death.tres", "GDResource", 3053, 0, 0, 0, 0, 0, 0, 0, 0, 3, 3056
"e:\Projects\ArkPvZ\animation\character\zombie\024_zombie_gargantuar\Zombie_gargantuar_head1.tres", "GDResource", 3138, 0, 0, 0, 0, 0, 0, 0, 0, 3, 3141
"e:\Projects\ArkPvZ\animation\character\zombie\024_zombie_gargantuar\Zombie_gargantuar_idle.tres", "GDResource", 3029, 0, 0, 0, 0, 0, 0, 0, 0, 3, 3032
"e:\Projects\ArkPvZ\animation\character\zombie\024_zombie_gargantuar\Zombie_gargantuar_smash.tres", "GDResource", 3046, 0, 0, 0, 0, 0, 0, 0, 0, 3, 3049
"e:\Projects\ArkPvZ\animation\character\zombie\024_zombie_gargantuar\Zombie_gargantuar_throw.tres", "GDResource", 3051, 0, 0, 0, 0, 0, 0, 0, 0, 3, 3054
"e:\Projects\ArkPvZ\animation\character\zombie\024_zombie_gargantuar\Zombie_gargantuar_walk.tres", "GDResource", 3127, 0, 0, 0, 0, 0, 0, 0, 0, 3, 3130
"e:\Projects\ArkPvZ\animation\character\zombie\025_zombie_imp\Zombie_imp.tscn", "GDScene", 0, 1381, 0, 0, 0, 0, 0, 0, 0, 37, 1418
"e:\Projects\ArkPvZ\animation\character\zombie\025_zombie_imp\Zombie_imp_death.tres", "GDResource", 1195, 0, 0, 0, 0, 0, 0, 0, 0, 3, 1198
"e:\Projects\ArkPvZ\animation\character\zombie\025_zombie_imp\Zombie_imp_eat.tres", "GDResource", 1199, 0, 0, 0, 0, 0, 0, 0, 0, 3, 1202
"e:\Projects\ArkPvZ\animation\character\zombie\025_zombie_imp\Zombie_imp_head1.tres", "GDResource", 1277, 0, 0, 0, 0, 0, 0, 0, 0, 3, 1280
"e:\Projects\ArkPvZ\animation\character\zombie\025_zombie_imp\Zombie_imp_head2.tres", "GDResource", 1277, 0, 0, 0, 0, 0, 0, 0, 0, 3, 1280
"e:\Projects\ArkPvZ\animation\character\zombie\025_zombie_imp\Zombie_imp_land.tres", "GDResource", 1181, 0, 0, 0, 0, 0, 0, 0, 0, 3, 1184
"e:\Projects\ArkPvZ\animation\character\zombie\025_zombie_imp\Zombie_imp_thrown.tres", "GDResource", 1181, 0, 0, 0, 0, 0, 0, 0, 0, 3, 1184
"e:\Projects\ArkPvZ\animation\character\zombie\025_zombie_imp\Zombie_imp_walk.tres", "GDResource", 1280, 0, 0, 0, 0, 0, 0, 0, 0, 3, 1283
"e:\Projects\ArkPvZ\animation\character\zombie\999_zombie_boss\Zombie_boss_RV_1.tres", "GDResource", 1814, 0, 0, 0, 0, 0, 0, 0, 0, 3, 1817
"e:\Projects\ArkPvZ\animation\character\zombie\999_zombie_boss\Zombie_boss_bungee_1_enter.tres", "GDResource", 1633, 0, 0, 0, 0, 0, 0, 0, 0, 3, 1636
"e:\Projects\ArkPvZ\animation\character\zombie\999_zombie_boss\Zombie_boss_bungee_1_leave.tres", "GDResource", 1633, 0, 0, 0, 0, 0, 0, 0, 0, 3, 1636
"e:\Projects\ArkPvZ\animation\character\zombie\999_zombie_boss\Zombie_boss_death.tres", "GDResource", 3191, 0, 0, 0, 0, 0, 0, 0, 0, 7, 3198
"e:\Projects\ArkPvZ\animation\character\zombie\999_zombie_boss\Zombie_boss_enter.tres", "GDResource", 1025, 0, 0, 0, 0, 0, 0, 0, 0, 2, 1027
"e:\Projects\ArkPvZ\animation\character\zombie\999_zombie_boss\Zombie_boss_head_attack_1.tres", "GDResource", 1440, 0, 0, 0, 0, 0, 0, 0, 0, 7, 1447
"e:\Projects\ArkPvZ\animation\character\zombie\999_zombie_boss\Zombie_boss_head_attack_2.tres", "GDResource", 1440, 0, 0, 0, 0, 0, 0, 0, 0, 7, 1447
"e:\Projects\ArkPvZ\animation\character\zombie\999_zombie_boss\Zombie_boss_head_attack_3.tres", "GDResource", 1440, 0, 0, 0, 0, 0, 0, 0, 0, 7, 1447
"e:\Projects\ArkPvZ\animation\character\zombie\999_zombie_boss\Zombie_boss_head_attack_4.tres", "GDResource", 1440, 0, 0, 0, 0, 0, 0, 0, 0, 7, 1447
"e:\Projects\ArkPvZ\animation\character\zombie\999_zombie_boss\Zombie_boss_head_attack_5.tres", "GDResource", 1440, 0, 0, 0, 0, 0, 0, 0, 0, 7, 1447
"e:\Projects\ArkPvZ\animation\character\zombie\999_zombie_boss\Zombie_boss_head_enter.tres", "GDResource", 2513, 0, 0, 0, 0, 0, 0, 0, 0, 7, 2520
"e:\Projects\ArkPvZ\animation\character\zombie\999_zombie_boss\Zombie_boss_head_idle.tres", "GDResource", 1294, 0, 0, 0, 0, 0, 0, 0, 0, 7, 1301
"e:\Projects\ArkPvZ\animation\character\zombie\999_zombie_boss\Zombie_boss_head_leave.tres", "GDResource", 1725, 0, 0, 0, 0, 0, 0, 0, 0, 7, 1732
"e:\Projects\ArkPvZ\animation\character\zombie\999_zombie_boss\Zombie_boss_idle.tres", "GDResource", 1025, 0, 0, 0, 0, 0, 0, 0, 0, 2, 1027
"e:\Projects\ArkPvZ\animation\character\zombie\999_zombie_boss\Zombie_boss_spawn_1.tres", "GDResource", 1873, 0, 0, 0, 0, 0, 0, 0, 0, 3, 1876
"e:\Projects\ArkPvZ\animation\character\zombie\999_zombie_boss\Zombie_boss_spawn_2.tres", "GDResource", 1873, 0, 0, 0, 0, 0, 0, 0, 0, 3, 1876
"e:\Projects\ArkPvZ\animation\character\zombie\999_zombie_boss\Zombie_boss_spawn_3.tres", "GDResource", 1873, 0, 0, 0, 0, 0, 0, 0, 0, 3, 1876
"e:\Projects\ArkPvZ\animation\character\zombie\999_zombie_boss\Zombie_boss_spawn_4.tres", "GDResource", 1873, 0, 0, 0, 0, 0, 0, 0, 0, 3, 1876
"e:\Projects\ArkPvZ\animation\character\zombie\999_zombie_boss\Zombie_boss_spawn_5.tres", "GDResource", 1873, 0, 0, 0, 0, 0, 0, 0, 0, 3, 1876
"e:\Projects\ArkPvZ\animation\character\zombie\999_zombie_boss\Zombie_boss_stomp_1.tres", "GDResource", 1025, 0, 0, 0, 0, 0, 0, 0, 0, 2, 1027
"e:\Projects\ArkPvZ\animation\character\zombie\999_zombie_boss\Zombie_boss_stomp_2.tres", "GDResource", 1025, 0, 0, 0, 0, 0, 0, 0, 0, 2, 1027
"e:\Projects\ArkPvZ\animation\character\zombie\999_zombie_boss\Zombie_boss_stomp_3.tres", "GDResource", 1937, 0, 0, 0, 0, 0, 0, 0, 0, 5, 1942
"e:\Projects\ArkPvZ\animation\character\zombie\999_zombie_boss\Zombie_boss_stomp_4.tres", "GDResource", 2544, 0, 0, 0, 0, 0, 0, 0, 0, 5, 2549
"e:\Projects\ArkPvZ\animation\crazy_dave\CrazyDave_blahblah.tres", "GDResource", 3659, 0, 0, 0, 0, 0, 0, 0, 0, 3, 3662
"e:\Projects\ArkPvZ\animation\crazy_dave\CrazyDave_blink.tres", "GDResource", 3643, 0, 0, 0, 0, 0, 0, 0, 0, 3, 3646
"e:\Projects\ArkPvZ\animation\crazy_dave\CrazyDave_crazy.tres", "GDResource", 3659, 0, 0, 0, 0, 0, 0, 0, 0, 3, 3662
"e:\Projects\ArkPvZ\animation\crazy_dave\CrazyDave_enter.tres", "GDResource", 3655, 0, 0, 0, 0, 0, 0, 0, 0, 3, 3658
"e:\Projects\ArkPvZ\animation\crazy_dave\CrazyDave_enter_handing.tres", "GDResource", 3674, 0, 0, 0, 0, 0, 0, 0, 0, 3, 3677
"e:\Projects\ArkPvZ\animation\crazy_dave\CrazyDave_enterup.tres", "GDResource", 3673, 0, 0, 0, 0, 0, 0, 0, 0, 3, 3676
"e:\Projects\ArkPvZ\animation\crazy_dave\CrazyDave_grab.tres", "GDResource", 3671, 0, 0, 0, 0, 0, 0, 0, 0, 3, 3674
"e:\Projects\ArkPvZ\animation\crazy_dave\CrazyDave_idle.tres", "GDResource", 3642, 0, 0, 0, 0, 0, 0, 0, 0, 3, 3645
"e:\Projects\ArkPvZ\animation\crazy_dave\CrazyDave_idle_handing.tres", "GDResource", 3660, 0, 0, 0, 0, 0, 0, 0, 0, 3, 3663
"e:\Projects\ArkPvZ\animation\crazy_dave\CrazyDave_leave.tres", "GDResource", 3655, 0, 0, 0, 0, 0, 0, 0, 0, 3, 3658
"e:\Projects\ArkPvZ\animation\crazy_dave\CrazyDave_mediumtalk.tres", "GDResource", 3658, 0, 0, 0, 0, 0, 0, 0, 0, 3, 3661
"e:\Projects\ArkPvZ\animation\crazy_dave\CrazyDave_smalltalk.tres", "GDResource", 3655, 0, 0, 0, 0, 0, 0, 0, 0, 3, 3658
"e:\Projects\ArkPvZ\animation\crazy_dave\CrazyDave_talk_handing.tres", "GDResource", 3675, 0, 0, 0, 0, 0, 0, 0, 0, 3, 3678
"e:\Projects\ArkPvZ\animation\garden\sprout\ZenGarden_sprout_flower.tres", "GDResource", 1353, 0, 0, 0, 0, 0, 0, 0, 0, 3, 1356
"e:\Projects\ArkPvZ\animation\garden\sprout\ZenGarden_sprout_idle.tres", "GDResource", 1354, 0, 0, 0, 0, 0, 0, 0, 0, 3, 1357
"e:\Projects\ArkPvZ\animation\garden\sprout\ZenGarden_sprout_idle_noflower.tres", "GDResource", 1356, 0, 0, 0, 0, 0, 0, 0, 0, 3, 1359
"e:\Projects\ArkPvZ\animation\garden\sprout\ZenGarden_sprout_sprout.tres", "GDResource", 1352, 0, 0, 0, 0, 0, 0, 0, 0, 3, 1355
"e:\Projects\ArkPvZ\animation\garden\stinky\Stinky_crawl.tres", "GDResource", 934, 0, 0, 0, 0, 0, 0, 0, 0, 3, 937
"e:\Projects\ArkPvZ\animation\garden\stinky\Stinky_idle.tres", "GDResource", 933, 0, 0, 0, 0, 0, 0, 0, 0, 3, 936
"e:\Projects\ArkPvZ\animation\garden\stinky\Stinky_in.tres", "GDResource", 934, 0, 0, 0, 0, 0, 0, 0, 0, 3, 937
"e:\Projects\ArkPvZ\animation\garden\stinky\Stinky_out.tres", "GDResource", 934, 0, 0, 0, 0, 0, 0, 0, 0, 3, 937
"e:\Projects\ArkPvZ\animation\garden\stinky\Stinky_sleep.tres", "GDResource", 934, 0, 0, 0, 0, 0, 0, 0, 0, 3, 937
"e:\Projects\ArkPvZ\animation\garden\stinky\Stinky_turn.tres", "GDResource", 938, 0, 0, 0, 0, 0, 0, 0, 0, 3, 941
"e:\Projects\ArkPvZ\animation\garden\wateringcan\ZenGarden_wateringcan_water.tres", "GDResource", 352, 0, 0, 0, 0, 0, 0, 0, 0, 3, 355
"e:\Projects\ArkPvZ\animation\garden\wateringcan\ZenGarden_wateringcan_water_area.tres", "GDResource", 351, 0, 0, 0, 0, 0, 0, 0, 0, 3, 354
"e:\Projects\ArkPvZ\animation\item\Fire\fire_done.tres", "GDResource", 276, 0, 0, 0, 0, 0, 0, 0, 0, 3, 279
"e:\Projects\ArkPvZ\animation\item\Fire\fire_flame.tres", "GDResource", 260, 0, 0, 0, 0, 0, 0, 0, 0, 3, 263
"e:\Projects\ArkPvZ\animation\item\Hammer\Hammer_open_pot.tres", "GDResource", 260, 0, 0, 0, 0, 0, 0, 0, 0, 3, 263
"e:\Projects\ArkPvZ\animation\item\Hammer\Hammer_whack_zombie.tres", "GDResource", 260, 0, 0, 0, 0, 0, 0, 0, 0, 3, 263
"e:\Projects\ArkPvZ\animation\item\LawnMover\LawnMower_normal.tres", "GDResource", 1610, 0, 0, 0, 0, 0, 0, 0, 0, 3, 1613
"e:\Projects\ArkPvZ\animation\item\LawnMover\LawnMower_tricked.tres", "GDResource", 1611, 0, 0, 0, 0, 0, 0, 0, 0, 3, 1614
"e:\Projects\ArkPvZ\animation\item\LawnMover\PoolCleaner_land.tres", "GDResource", 1188, 0, 0, 0, 0, 0, 0, 0, 0, 3, 1191
"e:\Projects\ArkPvZ\animation\item\LawnMover\PoolCleaner_land_static.tres", "GDResource", 1187, 0, 0, 0, 0, 0, 0, 0, 0, 3, 1190
"e:\Projects\ArkPvZ\animation\item\LawnMover\PoolCleaner_landsuck.tres", "GDResource", 1206, 0, 0, 0, 0, 0, 0, 0, 0, 3, 1209
"e:\Projects\ArkPvZ\animation\item\LawnMover\PoolCleaner_suck.tres", "GDResource", 1206, 0, 0, 0, 0, 0, 0, 0, 0, 3, 1209
"e:\Projects\ArkPvZ\animation\item\LawnMover\PoolCleaner_water.tres", "GDResource", 1192, 0, 0, 0, 0, 0, 0, 0, 0, 3, 1195
"e:\Projects\ArkPvZ\data\ChooesLevel.tres", "GDResource", 4, 0, 0, 0, 0, 0, 0, 0, 0, 3, 7
"e:\Projects\ArkPvZ\data\PVZ_theme.tres", "GDResource", 114, 0, 0, 0, 0, 0, 0, 0, 0, 13, 127
"e:\Projects\ArkPvZ\data\almanac_data.json", "JSON", 0, 0, 0, 0, 0, 0, 766, 0, 0, 2, 768
"e:\Projects\ArkPvZ\data\norm_ui_theme.tres", "GDResource", 9, 0, 0, 0, 0, 0, 0, 0, 0, 4, 13
"e:\Projects\ArkPvZ\default_bus_layout.tres", "GDResource", 14, 0, 0, 0, 0, 0, 0, 0, 0, 2, 16
"e:\Projects\ArkPvZ\docs\子弹说明文档.md", "Markdown", 0, 0, 56, 0, 0, 0, 0, 0, 0, 25, 81
"e:\Projects\ArkPvZ\docs\开发相关.md", "Markdown", 0, 0, 253, 0, 0, 0, 0, 0, 0, 55, 308
"e:\Projects\ArkPvZ\export_presets.cfg", "Properties", 0, 0, 0, 0, 0, 281, 0, 0, 0, 8, 289
"e:\Projects\ArkPvZ\level_game_para\我不是僵尸.tres", "GDResource", 44, 0, 0, 0, 0, 0, 0, 0, 0, 3, 47
"e:\Projects\ArkPvZ\level_game_para\罐子僵尸.tres", "GDResource", 35, 0, 0, 0, 0, 0, 0, 0, 0, 3, 38
"e:\Projects\ArkPvZ\project.godot", "GDResource", 106, 0, 0, 0, 0, 0, 0, 0, 7, 22, 135
"e:\Projects\ArkPvZ\pvz_icon.png.import", "GDResource", 35, 0, 0, 0, 0, 0, 0, 0, 0, 6, 41
"e:\Projects\ArkPvZ\readme_show\main_game.png.import", "GDResource", 35, 0, 0, 0, 0, 0, 0, 0, 0, 6, 41
"e:\Projects\ArkPvZ\readme_show\run_start_menu.png.import", "GDResource", 35, 0, 0, 0, 0, 0, 0, 0, 0, 6, 41
"e:\Projects\ArkPvZ\resources\button_styles\on_choose_one_user_button.tres", "GDResource", 3, 0, 0, 0, 0, 0, 0, 0, 0, 2, 5
"e:\Projects\ArkPvZ\resources\card_bg\01Norm.tres", "GDResource", 3, 0, 0, 0, 0, 0, 0, 0, 0, 2, 5
"e:\Projects\ArkPvZ\resources\card_bg\02Purple.tres", "GDResource", 5, 0, 0, 0, 0, 0, 0, 0, 0, 3, 8
"e:\Projects\ArkPvZ\resources\card_bg\03Gray.tres", "GDResource", 5, 0, 0, 0, 0, 0, 0, 0, 0, 3, 8
"e:\Projects\ArkPvZ\resources\character_resource\body_change\plant\plant_004_wall_nut_body_change_body_0.tres", "GDResource", 11, 0, 0, 0, 0, 0, 0, 0, 0, 3, 14
"e:\Projects\ArkPvZ\resources\character_resource\body_change\plant\plant_004_wall_nut_body_change_body_1.tres", "GDResource", 11, 0, 0, 0, 0, 0, 0, 0, 0, 3, 14
"e:\Projects\ArkPvZ\resources\character_resource\plant_condition\000_common_plant_land.tres", "GDResource", 8, 0, 0, 0, 0, 0, 0, 0, 0, 3, 11
"e:\Projects\ArkPvZ\resources\character_resource\plant_condition\000_common_purple.tres", "GDResource", 8, 0, 0, 0, 0, 0, 0, 0, 0, 3, 11
"e:\Projects\ArkPvZ\resources\character_resource\plant_condition\005_potato_mine.tres", "GDResource", 9, 0, 0, 0, 0, 0, 0, 0, 0, 3, 12
"e:\Projects\ArkPvZ\resources\character_resource\plant_condition\012_grave_buster.tres", "GDResource", 9, 0, 0, 0, 0, 0, 0, 0, 0, 3, 12
"e:\Projects\ArkPvZ\resources\character_resource\plant_condition\017_lily_pad.tres", "GDResource", 9, 0, 0, 0, 0, 0, 0, 0, 0, 3, 12
"e:\Projects\ArkPvZ\resources\character_resource\plant_condition\020_tanglekelp.tres", "GDResource", 8, 0, 0, 0, 0, 0, 0, 0, 0, 3, 11
"e:\Projects\ArkPvZ\resources\character_resource\plant_condition\022_caltrop.tres", "GDResource", 8, 0, 0, 0, 0, 0, 0, 0, 0, 3, 11
"e:\Projects\ArkPvZ\resources\character_resource\plant_condition\031_Pumpkin.tres", "GDResource", 8, 0, 0, 0, 0, 0, 0, 0, 0, 3, 11
"e:\Projects\ArkPvZ\resources\character_resource\plant_condition\034_flower_pot.tres", "GDResource", 9, 0, 0, 0, 0, 0, 0, 0, 0, 3, 12
"e:\Projects\ArkPvZ\resources\character_resource\plant_condition\036_coffee_bean.tres", "GDResource", 8, 0, 0, 0, 0, 0, 0, 0, 0, 3, 11
"e:\Projects\ArkPvZ\resources\character_resource\plant_condition\048_cob_cannon.tres", "GDResource", 9, 0, 0, 0, 0, 0, 0, 0, 0, 3, 12
"e:\Projects\ArkPvZ\resources\character_resource\plant_condition\999_imitater.tres", "GDResource", 6, 0, 0, 0, 0, 0, 0, 0, 0, 3, 9
"e:\Projects\ArkPvZ\resources\crazy_dave_resource\dialog\000_Hello.tres", "GDResource", 11, 0, 0, 0, 0, 0, 0, 0, 0, 3, 14
"e:\Projects\ArkPvZ\resources\crazy_dave_resource\dialog_detail\000_Hello.tres", "GDResource", 9, 0, 0, 0, 0, 0, 0, 0, 0, 3, 12
"e:\Projects\ArkPvZ\resources\crazy_dave_resource\dialog_detail\001_Crazy.tres", "GDResource", 9, 0, 0, 0, 0, 0, 0, 0, 0, 3, 12
"e:\Projects\ArkPvZ\resources\crazy_dave_resource\dialog_detail\002_LookMyHand.tres", "GDResource", 10, 0, 0, 0, 0, 0, 0, 0, 0, 3, 13
"e:\Projects\ArkPvZ\resources\crazy_dave_resource\dialog_detail\Store\GardenBg00GreenHouse.tres", "GDResource", 9, 0, 0, 0, 0, 0, 0, 0, 0, 3, 12
"e:\Projects\ArkPvZ\resources\crazy_dave_resource\dialog_detail\Store\GardenBg01MushroomGraden.tres", "GDResource", 9, 0, 0, 0, 0, 0, 0, 0, 0, 3, 12
"e:\Projects\ArkPvZ\resources\crazy_dave_resource\dialog_detail\Store\GardenBg02Aquarium.tres", "GDResource", 9, 0, 0, 0, 0, 0, 0, 0, 0, 3, 12
"e:\Projects\ArkPvZ\resources\crazy_dave_resource\dialog_detail\Store\GardenBg03Tree.tres", "GDResource", 9, 0, 0, 0, 0, 0, 0, 0, 0, 3, 12
"e:\Projects\ArkPvZ\resources\crazy_dave_resource\dialog_detail\Store\GardenSprout.tres", "GDResource", 9, 0, 0, 0, 0, 0, 0, 0, 0, 3, 12
"e:\Projects\ArkPvZ\resources\level_date_resource\mode_adventure\adventure_01_day.tres", "GDResource", 6, 0, 0, 0, 0, 0, 0, 0, 0, 3, 9
"e:\Projects\ArkPvZ\resources\level_date_resource\mode_adventure\adventure_01_day_test.tres", "GDResource", 11, 0, 0, 0, 0, 0, 0, 0, 0, 3, 14
"e:\Projects\ArkPvZ\resources\level_date_resource\mode_adventure\adventure_02_night.tres", "GDResource", 14, 0, 0, 0, 0, 0, 0, 0, 0, 3, 17
"e:\Projects\ArkPvZ\resources\level_date_resource\mode_adventure\adventure_03_pool.tres", "GDResource", 11, 0, 0, 0, 0, 0, 0, 0, 0, 3, 14
"e:\Projects\ArkPvZ\resources\level_date_resource\mode_adventure\adventure_03_pool_test.tres", "GDResource", 14, 0, 0, 0, 0, 0, 0, 0, 0, 3, 17
"e:\Projects\ArkPvZ\resources\level_date_resource\mode_adventure\adventure_04_fog.tres", "GDResource", 13, 0, 0, 0, 0, 0, 0, 0, 0, 3, 16
"e:\Projects\ArkPvZ\resources\level_date_resource\mode_adventure\adventure_04_fog_test.tres", "GDResource", 34, 0, 0, 0, 0, 0, 0, 0, 0, 3, 37
"e:\Projects\ArkPvZ\resources\level_date_resource\mode_adventure\adventure_05_Roof.tres", "GDResource", 86, 0, 0, 0, 0, 0, 0, 0, 0, 7, 93
"e:\Projects\ArkPvZ\resources\level_date_resource\mode_adventure\adventure_05_Roof_test.tres", "GDResource", 43, 0, 0, 0, 0, 0, 0, 0, 0, 5, 48
"e:\Projects\ArkPvZ\resources\level_date_resource\mode_minigame\minigame_01_bowling.tres", "GDResource", 30, 0, 0, 0, 0, 0, 0, 0, 0, 3, 33
"e:\Projects\ArkPvZ\resources\level_date_resource\mode_minigame\minigame_02_hammer_zombie.tres", "GDResource", 19, 0, 0, 0, 0, 0, 0, 0, 0, 3, 22
"e:\Projects\ArkPvZ\resources\level_date_resource\mode_minigame\minigame_03_mini_zombie.tres", "GDResource", 33, 0, 0, 0, 0, 0, 0, 0, 0, 3, 36
"e:\Projects\ArkPvZ\resources\level_date_resource\mode_minigame\minigame_04_seed_rain.tres", "GDResource", 37, 0, 0, 0, 0, 0, 0, 0, 0, 3, 40
"e:\Projects\ArkPvZ\resources\level_date_resource\mode_minigame\minigame_05_column.tres", "GDResource", 122, 0, 0, 0, 0, 0, 0, 0, 0, 11, 133
"e:\Projects\ArkPvZ\resources\level_date_resource\mode_minigame\minigame_101_small_gambling.tres", "GDResource", 24, 0, 0, 0, 0, 0, 0, 0, 0, 3, 27
"e:\Projects\ArkPvZ\resources\level_date_resource\mode_puzzle\puzzle_pot_01.tres", "GDResource", 39, 0, 0, 0, 0, 0, 0, 0, 0, 3, 42
"e:\Projects\ArkPvZ\resources\level_date_resource\mode_puzzle\puzzle_pot_02.tres", "GDResource", 39, 0, 0, 0, 0, 0, 0, 0, 0, 3, 42
"e:\Projects\ArkPvZ\resources\level_date_resource\mode_puzzle\puzzle_pot_03.tres", "GDResource", 41, 0, 0, 0, 0, 0, 0, 0, 0, 3, 44
"e:\Projects\ArkPvZ\resources\level_date_resource\mode_puzzle\puzzle_pot_04.tres", "GDResource", 28, 0, 0, 0, 0, 0, 0, 0, 0, 3, 31
"e:\Projects\ArkPvZ\resources\level_date_resource\mode_puzzle\puzzle_pot_05.tres", "GDResource", 25, 0, 0, 0, 0, 0, 0, 0, 0, 3, 28
"e:\Projects\ArkPvZ\resources\level_date_resource\mode_puzzle\puzzle_pot_06.tres", "GDResource", 28, 0, 0, 0, 0, 0, 0, 0, 0, 3, 31
"e:\Projects\ArkPvZ\resources\level_date_resource\mode_puzzle\puzzle_pot_07.tres", "GDResource", 28, 0, 0, 0, 0, 0, 0, 0, 0, 3, 31
"e:\Projects\ArkPvZ\resources\level_date_resource\mode_puzzle\puzzle_pot_08.tres", "GDResource", 29, 0, 0, 0, 0, 0, 0, 0, 0, 3, 32
"e:\Projects\ArkPvZ\resources\level_date_resource\mode_puzzle\puzzle_pot_09.tres", "GDResource", 26, 0, 0, 0, 0, 0, 0, 0, 0, 3, 29
"e:\Projects\ArkPvZ\resources\level_date_resource\mode_puzzle\puzzle_pot_10.tres", "GDResource", 22, 0, 0, 0, 0, 0, 0, 0, 0, 3, 25
"e:\Projects\ArkPvZ\resources\level_date_resource\mode_puzzle\puzzle_pot_11.tres", "GDResource", 29, 0, 0, 0, 0, 0, 0, 0, 0, 3, 32
"e:\Projects\ArkPvZ\resources\level_date_resource\mode_puzzle\puzzle_pot_12.tres", "GDResource", 37, 0, 0, 0, 0, 0, 0, 0, 0, 3, 40
"e:\Projects\ArkPvZ\resources\level_date_resource\mode_puzzle\puzzle_pot_13.tres", "GDResource", 37, 0, 0, 0, 0, 0, 0, 0, 0, 3, 40
"e:\Projects\ArkPvZ\resources\level_date_resource\mode_puzzle\puzzle_pot_14.tres", "GDResource", 35, 0, 0, 0, 0, 0, 0, 0, 0, 3, 38
"e:\Projects\ArkPvZ\resources\level_date_resource\mode_puzzle\puzzle_pot_15.tres", "GDResource", 26, 0, 0, 0, 0, 0, 0, 0, 0, 3, 29
"e:\Projects\ArkPvZ\resources\level_date_resource\mode_puzzle\puzzle_pot_16.tres", "GDResource", 42, 0, 0, 0, 0, 0, 0, 0, 0, 3, 45
"e:\Projects\ArkPvZ\resources\level_date_resource\mode_puzzle\puzzle_pot_17.tres", "GDResource", 44, 0, 0, 0, 0, 0, 0, 0, 0, 3, 47
"e:\Projects\ArkPvZ\resources\level_date_resource\mode_puzzle\puzzle_pot_18.tres", "GDResource", 39, 0, 0, 0, 0, 0, 0, 0, 0, 3, 42
"e:\Projects\ArkPvZ\resources\level_date_resource\mode_puzzle\puzzle_pot_19.tres", "GDResource", 23, 0, 0, 0, 0, 0, 0, 0, 0, 3, 26
"e:\Projects\ArkPvZ\resources\level_date_resource\mode_puzzle\puzzle_pot_20.tres", "GDResource", 23, 0, 0, 0, 0, 0, 0, 0, 0, 3, 26
"e:\Projects\ArkPvZ\resources\level_date_resource\mode_puzzle\puzzle_zombie_01.tres", "GDResource", 31, 0, 0, 0, 0, 0, 0, 0, 0, 3, 34
"e:\Projects\ArkPvZ\resources\level_date_resource\mode_puzzle\puzzle_zombie_02.tres", "GDResource", 31, 0, 0, 0, 0, 0, 0, 0, 0, 3, 34
"e:\Projects\ArkPvZ\resources\level_date_resource\mode_puzzle\puzzle_zombie_03.tres", "GDResource", 31, 0, 0, 0, 0, 0, 0, 0, 0, 3, 34
"e:\Projects\ArkPvZ\resources\level_date_resource\mode_puzzle\puzzle_zombie_04.tres", "GDResource", 33, 0, 0, 0, 0, 0, 0, 0, 0, 3, 36
"e:\Projects\ArkPvZ\resources\level_date_resource\mode_puzzle\puzzle_zombie_05.tres", "GDResource", 35, 0, 0, 0, 0, 0, 0, 0, 0, 3, 38
"e:\Projects\ArkPvZ\resources\level_date_resource\mode_puzzle\puzzle_zombie_06.tres", "GDResource", 35, 0, 0, 0, 0, 0, 0, 0, 0, 3, 38
"e:\Projects\ArkPvZ\resources\level_date_resource\mode_puzzle\puzzle_zombie_07.tres", "GDResource", 33, 0, 0, 0, 0, 0, 0, 0, 0, 3, 36
"e:\Projects\ArkPvZ\resources\level_date_resource\mode_puzzle\puzzle_zombie_08.tres", "GDResource", 72, 0, 0, 0, 0, 0, 0, 0, 0, 11, 83
"e:\Projects\ArkPvZ\resources\level_date_resource\mode_puzzle\puzzle_zombie_09.tres", "GDResource", 52, 0, 0, 0, 0, 0, 0, 0, 0, 7, 59
"e:\Projects\ArkPvZ\resources\level_date_resource\mode_puzzle\puzzle_zombie_10.tres", "GDResource", 49, 0, 0, 0, 0, 0, 0, 0, 0, 3, 52
"e:\Projects\ArkPvZ\resources\level_date_resource\mode_survival\survival_flag_01_day.tres", "GDResource", 8, 0, 0, 0, 0, 0, 0, 0, 0, 3, 11
"e:\Projects\ArkPvZ\resources\level_date_resource\mode_survival\survival_flag_02_night.tres", "GDResource", 14, 0, 0, 0, 0, 0, 0, 0, 0, 3, 17
"e:\Projects\ArkPvZ\resources\level_date_resource\mode_survival\survival_flag_03_pool.tres", "GDResource", 11, 0, 0, 0, 0, 0, 0, 0, 0, 3, 14
"e:\Projects\ArkPvZ\resources\level_date_resource\mode_survival\survival_flag_04_fog.tres", "GDResource", 14, 0, 0, 0, 0, 0, 0, 0, 0, 3, 17
"e:\Projects\ArkPvZ\resources\level_date_resource\mode_survival\survival_flag_05_Roof.tres", "GDResource", 33, 0, 0, 0, 0, 0, 0, 0, 0, 7, 40
"e:\Projects\ArkPvZ\resources\level_date_resource\mode_survival\survival_flag_06_day.tres", "GDResource", 9, 0, 0, 0, 0, 0, 0, 0, 0, 3, 12
"e:\Projects\ArkPvZ\resources\level_date_resource\mode_survival\survival_flag_07_night.tres", "GDResource", 15, 0, 0, 0, 0, 0, 0, 0, 0, 3, 18
"e:\Projects\ArkPvZ\resources\level_date_resource\mode_survival\survival_flag_08_pool.tres", "GDResource", 12, 0, 0, 0, 0, 0, 0, 0, 0, 3, 15
"e:\Projects\ArkPvZ\resources\level_date_resource\mode_survival\survival_flag_09_fog.tres", "GDResource", 15, 0, 0, 0, 0, 0, 0, 0, 0, 3, 18
"e:\Projects\ArkPvZ\resources\level_date_resource\mode_survival\survival_flag_10_Roof.tres", "GDResource", 34, 0, 0, 0, 0, 0, 0, 0, 0, 7, 41
"e:\Projects\ArkPvZ\resources\level_date_resource\mode_survival\survival_flag_11_day.tres", "GDResource", 9, 0, 0, 0, 0, 0, 0, 0, 0, 3, 12
"e:\Projects\ArkPvZ\resources\level_date_resource\mode_survival\survival_flag_12_night.tres", "GDResource", 15, 0, 0, 0, 0, 0, 0, 0, 0, 3, 18
"e:\Projects\ArkPvZ\resources\level_date_resource\mode_survival\survival_flag_13_pool.tres", "GDResource", 12, 0, 0, 0, 0, 0, 0, 0, 0, 3, 15
"e:\Projects\ArkPvZ\resources\level_date_resource\mode_survival\survival_flag_14_fog.tres", "GDResource", 15, 0, 0, 0, 0, 0, 0, 0, 0, 3, 18
"e:\Projects\ArkPvZ\resources\level_date_resource\mode_survival\survival_flag_15_Roof.tres", "GDResource", 34, 0, 0, 0, 0, 0, 0, 0, 0, 7, 41
"e:\Projects\ArkPvZ\scenes\almanac\almanac_character_show_panel.tscn", "GDScene", 0, 325, 0, 0, 0, 0, 0, 0, 0, 36, 361
"e:\Projects\ArkPvZ\scenes\almanac\almanac_zombie_card.tscn", "GDScene", 0, 39, 0, 0, 0, 0, 0, 0, 0, 12, 51
"e:\Projects\ArkPvZ\scenes\autoload\all_cards.tscn", "GDScene", 0, 9920, 0, 0, 0, 0, 0, 0, 0, 1901, 11821
"e:\Projects\ArkPvZ\scenes\autoload\global.tscn", "GDScene", 0, 41, 0, 0, 0, 0, 0, 0, 0, 13, 54
"e:\Projects\ArkPvZ\scenes\autoload\sound_manager.tscn", "GDScene", 0, 11, 0, 0, 0, 0, 0, 0, 0, 7, 18
"e:\Projects\ArkPvZ\scenes\bullet\bullet_000_base.tscn", "GDScene", 0, 12, 0, 0, 0, 0, 0, 0, 0, 6, 18
"e:\Projects\ArkPvZ\scenes\bullet\bullet_000_linear_base.tscn", "GDScene", 0, 10, 0, 0, 0, 0, 0, 0, 0, 5, 15
"e:\Projects\ArkPvZ\scenes\bullet\bullet_000_norm_base.tscn", "GDScene", 0, 33, 0, 0, 0, 0, 0, 0, 0, 10, 43
"e:\Projects\ArkPvZ\scenes\bullet\bullet_000_parabola_base.tscn", "GDScene", 0, 12, 0, 0, 0, 0, 0, 0, 0, 4, 16
"e:\Projects\ArkPvZ\scenes\bullet\bullet_000_track_base.tscn", "GDScene", 0, 11, 0, 0, 0, 0, 0, 0, 0, 4, 15
"e:\Projects\ArkPvZ\scenes\bullet\bullet_001_pea.tscn", "GDScene", 0, 42, 0, 0, 0, 0, 0, 0, 0, 11, 53
"e:\Projects\ArkPvZ\scenes\bullet\bullet_002_pea_snow.tscn", "GDScene", 0, 102, 0, 0, 0, 0, 0, 0, 0, 21, 123
"e:\Projects\ArkPvZ\scenes\bullet\bullet_003_puff.tscn", "GDScene", 0, 53, 0, 0, 0, 0, 0, 0, 0, 14, 67
"e:\Projects\ArkPvZ\scenes\bullet\bullet_004_fume.tscn", "GDScene", 0, 13, 0, 0, 0, 0, 0, 0, 0, 5, 18
"e:\Projects\ArkPvZ\scenes\bullet\bullet_005_puff_long_time.tscn", "GDScene", 0, 52, 0, 0, 0, 0, 0, 0, 0, 14, 66
"e:\Projects\ArkPvZ\scenes\bullet\bullet_006_pea_fire.tscn", "GDScene", 0, 1027, 0, 0, 0, 0, 0, 0, 0, 27, 1054
"e:\Projects\ArkPvZ\scenes\bullet\bullet_007_cactus.tscn", "GDScene", 0, 11, 0, 0, 0, 0, 0, 0, 0, 5, 16
"e:\Projects\ArkPvZ\scenes\bullet\bullet_008_star.tscn", "GDScene", 0, 44, 0, 0, 0, 0, 0, 0, 0, 11, 55
"e:\Projects\ArkPvZ\scenes\bullet\bullet_009_cabbage.tscn", "GDScene", 0, 45, 0, 0, 0, 0, 0, 0, 0, 11, 56
"e:\Projects\ArkPvZ\scenes\bullet\bullet_010_corn.tscn", "GDScene", 0, 16, 0, 0, 0, 0, 0, 0, 0, 5, 21
"e:\Projects\ArkPvZ\scenes\bullet\bullet_011_butter.tscn", "GDScene", 0, 52, 0, 0, 0, 0, 0, 0, 0, 12, 64
"e:\Projects\ArkPvZ\scenes\bullet\bullet_012_melon.tscn", "GDScene", 0, 65, 0, 0, 0, 0, 0, 0, 0, 15, 80
"e:\Projects\ArkPvZ\scenes\bullet\bullet_013_basketball.tscn", "GDScene", 0, 16, 0, 0, 0, 0, 0, 0, 0, 6, 22
"e:\Projects\ArkPvZ\scenes\bullet\bullet_014_cattail_bullet.tscn", "GDScene", 0, 10, 0, 0, 0, 0, 0, 0, 0, 5, 15
"e:\Projects\ArkPvZ\scenes\bullet\bullet_015_winter_melon.tscn", "GDScene", 0, 64, 0, 0, 0, 0, 0, 0, 0, 14, 78
"e:\Projects\ArkPvZ\scenes\bullet\bullet_016_cob_cannon.tscn", "GDScene", 0, 69, 0, 0, 0, 0, 0, 0, 0, 16, 85
"e:\Projects\ArkPvZ\scenes\bullet\bullet_1001_bowling.tscn", "GDScene", 0, 56, 0, 0, 0, 0, 0, 0, 0, 16, 72
"e:\Projects\ArkPvZ\scenes\bullet\bullet_1002_bowling_bomb.tscn", "GDScene", 0, 252, 0, 0, 0, 0, 0, 0, 0, 45, 297
"e:\Projects\ArkPvZ\scenes\bullet\bullet_1003_bowling_big.tscn", "GDScene", 0, 56, 0, 0, 0, 0, 0, 0, 0, 15, 71
"e:\Projects\ArkPvZ\scenes\card_slot\card_random_pool.tscn", "GDScene", 0, 4, 0, 0, 0, 0, 0, 0, 0, 3, 7
"e:\Projects\ArkPvZ\scenes\card_slot\card_slot_coin.tscn", "GDScene", 0, 78, 0, 0, 0, 0, 0, 0, 0, 16, 94
"e:\Projects\ArkPvZ\scenes\card_slot\card_slot_conveyor_belt.tscn", "GDScene", 0, 87, 0, 0, 0, 0, 0, 0, 0, 19, 106
"e:\Projects\ArkPvZ\scenes\card_slot\card_slot_norm.tscn", "GDScene", 0, 912, 0, 0, 0, 0, 0, 0, 0, 202, 1114
"e:\Projects\ArkPvZ\scenes\card_slot\card_slot_seed_rain.tscn", "GDScene", 0, 12, 0, 0, 0, 0, 0, 0, 0, 6, 18
"e:\Projects\ArkPvZ\scenes\character\character_000_base.tscn", "GDScene", 0, 42, 0, 0, 0, 0, 0, 0, 0, 13, 55
"e:\Projects\ArkPvZ\scenes\character\components\jackson_manager.tscn", "GDScene", 0, 34, 0, 0, 0, 0, 0, 0, 0, 11, 45
"e:\Projects\ArkPvZ\scenes\character\components\zombie_death_bomb.tscn", "GDScene", 0, 180, 0, 0, 0, 0, 0, 0, 0, 27, 207
"e:\Projects\ArkPvZ\scenes\character\item\dirt_rise_effect.tscn", "GDScene", 0, 71, 0, 0, 0, 0, 0, 0, 0, 13, 84
"e:\Projects\ArkPvZ\scenes\character\plant\plant_000_base.tscn", "GDScene", 0, 253, 0, 0, 0, 0, 0, 0, 0, 28, 281
"e:\Projects\ArkPvZ\scenes\character\plant\plant_000_down_base.tscn", "GDScene", 0, 7, 0, 0, 0, 0, 0, 0, 0, 4, 11
"e:\Projects\ArkPvZ\scenes\character\plant\plant_001_pea_shooter_single.tscn", "GDScene", 0, 1193, 0, 0, 0, 0, 0, 0, 0, 47, 1240
"e:\Projects\ArkPvZ\scenes\character\plant\plant_002_sun_flower.tscn", "GDScene", 0, 276, 0, 0, 0, 0, 0, 0, 0, 46, 322
"e:\Projects\ArkPvZ\scenes\character\plant\plant_003_cherry_bomb.tscn", "GDScene", 0, 386, 0, 0, 0, 0, 0, 0, 0, 65, 451
"e:\Projects\ArkPvZ\scenes\character\plant\plant_004_wall_nut.tscn", "GDScene", 0, 106, 0, 0, 0, 0, 0, 0, 0, 26, 132
"e:\Projects\ArkPvZ\scenes\character\plant\plant_005_potato_mine.tscn", "GDScene", 0, 254, 0, 0, 0, 0, 0, 0, 0, 54, 308
"e:\Projects\ArkPvZ\scenes\character\plant\plant_006_snow_pea.tscn", "GDScene", 0, 207, 0, 0, 0, 0, 0, 0, 0, 42, 249
"e:\Projects\ArkPvZ\scenes\character\plant\plant_007_chomper.tscn", "GDScene", 0, 278, 0, 0, 0, 0, 0, 0, 0, 55, 333
"e:\Projects\ArkPvZ\scenes\character\plant\plant_008_pea_shooter_double.tscn", "GDScene", 0, 247, 0, 0, 0, 0, 0, 0, 0, 51, 298
"e:\Projects\ArkPvZ\scenes\character\plant\plant_009_puff.tscn", "GDScene", 0, 168, 0, 0, 0, 0, 0, 0, 0, 43, 211
"e:\Projects\ArkPvZ\scenes\character\plant\plant_010_sun_shroom.tscn", "GDScene", 0, 142, 0, 0, 0, 0, 0, 0, 0, 34, 176
"e:\Projects\ArkPvZ\scenes\character\plant\plant_011_fume_shroom.tscn", "GDScene", 0, 197, 0, 0, 0, 0, 0, 0, 0, 44, 241
"e:\Projects\ArkPvZ\scenes\character\plant\plant_012_grave_buster.tscn", "GDScene", 0, 1239, 0, 0, 0, 0, 0, 0, 0, 40, 1279
"e:\Projects\ArkPvZ\scenes\character\plant\plant_013_hypno_shroom.tscn", "GDScene", 0, 92, 0, 0, 0, 0, 0, 0, 0, 21, 113
"e:\Projects\ArkPvZ\scenes\character\plant\plant_014_scaredy_shroom.tscn", "GDScene", 0, 233, 0, 0, 0, 0, 0, 0, 0, 55, 288
"e:\Projects\ArkPvZ\scenes\character\plant\plant_015_ice_shroom.tscn", "GDScene", 0, 151, 0, 0, 0, 0, 0, 0, 0, 33, 184
"e:\Projects\ArkPvZ\scenes\character\plant\plant_016_doom_shroom.tscn", "GDScene", 0, 1690, 0, 0, 0, 0, 0, 0, 0, 49, 1739
"e:\Projects\ArkPvZ\scenes\character\plant\plant_017_lily_pad.tscn", "GDScene", 0, 66, 0, 0, 0, 0, 0, 0, 0, 17, 83
"e:\Projects\ArkPvZ\scenes\character\plant\plant_018_squash.tscn", "GDScene", 0, 492, 0, 0, 0, 0, 0, 0, 0, 37, 529
"e:\Projects\ArkPvZ\scenes\character\plant\plant_019_three_peater.tscn", "GDScene", 0, 357, 0, 0, 0, 0, 0, 0, 0, 72, 429
"e:\Projects\ArkPvZ\scenes\character\plant\plant_020_tanglekelp.tscn", "GDScene", 0, 200, 0, 0, 0, 0, 0, 0, 0, 44, 244
"e:\Projects\ArkPvZ\scenes\character\plant\plant_021_jalapeno.tscn", "GDScene", 0, 126, 0, 0, 0, 0, 0, 0, 0, 29, 155
"e:\Projects\ArkPvZ\scenes\character\plant\plant_022_caltrop.tscn", "GDScene", 0, 139, 0, 0, 0, 0, 0, 0, 0, 32, 171
"e:\Projects\ArkPvZ\scenes\character\plant\plant_023_torch_wood.tscn", "GDScene", 0, 118, 0, 0, 0, 0, 0, 0, 0, 29, 147
"e:\Projects\ArkPvZ\scenes\character\plant\plant_024_tall_nut.tscn", "GDScene", 0, 111, 0, 0, 0, 0, 0, 0, 0, 25, 136
"e:\Projects\ArkPvZ\scenes\character\plant\plant_025_sea_shroom.tscn", "GDScene", 0, 179, 0, 0, 0, 0, 0, 0, 0, 43, 222
"e:\Projects\ArkPvZ\scenes\character\plant\plant_026_plantern.tscn", "GDScene", 0, 136, 0, 0, 0, 0, 0, 0, 0, 28, 164
"e:\Projects\ArkPvZ\scenes\character\plant\plant_027_cactus.tscn", "GDScene", 0, 253, 0, 0, 0, 0, 0, 0, 0, 51, 304
"e:\Projects\ArkPvZ\scenes\character\plant\plant_028_blover.tscn", "GDScene", 0, 127, 0, 0, 0, 0, 0, 0, 0, 28, 155
"e:\Projects\ArkPvZ\scenes\character\plant\plant_029_split_pea.tscn", "GDScene", 0, 269, 0, 0, 0, 0, 0, 0, 0, 59, 328
"e:\Projects\ArkPvZ\scenes\character\plant\plant_030_star_fruit.tscn", "GDScene", 0, 174, 0, 0, 0, 0, 0, 0, 0, 43, 217
"e:\Projects\ArkPvZ\scenes\character\plant\plant_031_pumpkin.tscn", "GDScene", 0, 83, 0, 0, 0, 0, 0, 0, 0, 22, 105
"e:\Projects\ArkPvZ\scenes\character\plant\plant_032_magnet_shroom.tscn", "GDScene", 0, 203, 0, 0, 0, 0, 0, 0, 0, 43, 246
"e:\Projects\ArkPvZ\scenes\character\plant\plant_033_cabbage_pult.tscn", "GDScene", 0, 200, 0, 0, 0, 0, 0, 0, 0, 41, 241
"e:\Projects\ArkPvZ\scenes\character\plant\plant_034_flower_pot.tscn", "GDScene", 0, 99, 0, 0, 0, 0, 0, 0, 0, 25, 124
"e:\Projects\ArkPvZ\scenes\character\plant\plant_035_corn_pult.tscn", "GDScene", 0, 230, 0, 0, 0, 0, 0, 0, 0, 43, 273
"e:\Projects\ArkPvZ\scenes\character\plant\plant_036_coffee_bean.tscn", "GDScene", 0, 76, 0, 0, 0, 0, 0, 0, 0, 19, 95
"e:\Projects\ArkPvZ\scenes\character\plant\plant_037_garlic.tscn", "GDScene", 0, 99, 0, 0, 0, 0, 0, 0, 0, 23, 122
"e:\Projects\ArkPvZ\scenes\character\plant\plant_038_umbrella_leaf.tscn", "GDScene", 0, 125, 0, 0, 0, 0, 0, 0, 0, 28, 153
"e:\Projects\ArkPvZ\scenes\character\plant\plant_039_mari_gold.tscn", "GDScene", 0, 138, 0, 0, 0, 0, 0, 0, 0, 28, 166
"e:\Projects\ArkPvZ\scenes\character\plant\plant_040_melon_pult.tscn", "GDScene", 0, 165, 0, 0, 0, 0, 0, 0, 0, 34, 199
"e:\Projects\ArkPvZ\scenes\character\plant\plant_041_gatling_pea.tscn", "GDScene", 0, 236, 0, 0, 0, 0, 0, 0, 0, 49, 285
"e:\Projects\ArkPvZ\scenes\character\plant\plant_042_twin_sun_flower.tscn", "GDScene", 0, 163, 0, 0, 0, 0, 0, 0, 0, 34, 197
"e:\Projects\ArkPvZ\scenes\character\plant\plant_043_gloom_shroom.tscn", "GDScene", 0, 688, 0, 0, 0, 0, 0, 0, 0, 87, 775
"e:\Projects\ArkPvZ\scenes\character\plant\plant_044_cattail.tscn", "GDScene", 0, 179, 0, 0, 0, 0, 0, 0, 0, 42, 221
"e:\Projects\ArkPvZ\scenes\character\plant\plant_045_winter_melon.tscn", "GDScene", 0, 170, 0, 0, 0, 0, 0, 0, 0, 37, 207
"e:\Projects\ArkPvZ\scenes\character\plant\plant_046_gold_magnet.tscn", "GDScene", 0, 142, 0, 0, 0, 0, 0, 0, 0, 29, 171
"e:\Projects\ArkPvZ\scenes\character\plant\plant_047_spike_rock.tscn", "GDScene", 0, 190, 0, 0, 0, 0, 0, 0, 0, 45, 235
"e:\Projects\ArkPvZ\scenes\character\plant\plant_048_cob_cannon.tscn", "GDScene", 0, 210, 0, 0, 0, 0, 0, 0, 0, 50, 260
"e:\Projects\ArkPvZ\scenes\character\plant\plant_049_pea_shooter_double_reverse.tscn", "GDScene", 0, 83, 0, 0, 0, 0, 0, 0, 0, 24, 107
"e:\Projects\ArkPvZ\scenes\character\plant\plant_1000_sprout.tscn", "GDScene", 0, 140, 0, 0, 0, 0, 0, 0, 0, 27, 167
"e:\Projects\ArkPvZ\scenes\character\plant\plant_1001_wall_nut_bowling.tscn", "GDScene", 0, 40, 0, 0, 0, 0, 0, 0, 0, 10, 50
"e:\Projects\ArkPvZ\scenes\character\plant\plant_1002_wall_nut_bowling.tscn", "GDScene", 0, 42, 0, 0, 0, 0, 0, 0, 0, 11, 53
"e:\Projects\ArkPvZ\scenes\character\plant\plant_1003_wall_nut_bowling.tscn", "GDScene", 0, 44, 0, 0, 0, 0, 0, 0, 0, 12, 56
"e:\Projects\ArkPvZ\scenes\character\plant\plant_999_imitater.tscn", "GDScene", 0, 307, 0, 0, 0, 0, 0, 0, 0, 55, 362
"e:\Projects\ArkPvZ\scenes\character\zombie\Zombie_boss.tscn", "GDScene", 0, 426, 0, 0, 0, 0, 0, 0, 0, 54, 480
"e:\Projects\ArkPvZ\scenes\character\zombie\zombie_000_base.tscn", "GDScene", 0, 284, 0, 0, 0, 0, 0, 0, 0, 42, 326
"e:\Projects\ArkPvZ\scenes\character\zombie\zombie_001_norm.tscn", "GDScene", 0, 1678, 0, 0, 0, 0, 0, 0, 0, 141, 1819
"e:\Projects\ArkPvZ\scenes\character\zombie\zombie_002_flag.tscn", "GDScene", 0, 133, 0, 0, 0, 0, 0, 0, 0, 39, 172
"e:\Projects\ArkPvZ\scenes\character\zombie\zombie_003_cone.tscn", "GDScene", 0, 144, 0, 0, 0, 0, 0, 0, 0, 44, 188
"e:\Projects\ArkPvZ\scenes\character\zombie\zombie_004_pole_vaulter.tscn", "GDScene", 0, 1438, 0, 0, 0, 0, 0, 0, 0, 90, 1528
"e:\Projects\ArkPvZ\scenes\character\zombie\zombie_005_bucket.tscn", "GDScene", 0, 182, 0, 0, 0, 0, 0, 0, 0, 50, 232
"e:\Projects\ArkPvZ\scenes\character\zombie\zombie_006_paper.tscn", "GDScene", 0, 1576, 0, 0, 0, 0, 0, 0, 0, 106, 1682
"e:\Projects\ArkPvZ\scenes\character\zombie\zombie_007_screendoor.tscn", "GDScene", 0, 214, 0, 0, 0, 0, 0, 0, 0, 60, 274
"e:\Projects\ArkPvZ\scenes\character\zombie\zombie_008_football.tscn", "GDScene", 0, 1407, 0, 0, 0, 0, 0, 0, 0, 79, 1486
"e:\Projects\ArkPvZ\scenes\character\zombie\zombie_009_jackson.tscn", "GDScene", 0, 1328, 0, 0, 0, 0, 0, 0, 0, 58, 1386
"e:\Projects\ArkPvZ\scenes\character\zombie\zombie_010_dancer.tscn", "GDScene", 0, 4475, 0, 0, 0, 0, 0, 0, 0, 61, 4536
"e:\Projects\ArkPvZ\scenes\character\zombie\zombie_011_duckytube.tscn", "GDScene", 0, 117, 0, 0, 0, 0, 0, 0, 0, 33, 150
"e:\Projects\ArkPvZ\scenes\character\zombie\zombie_012_snorkle.tscn", "GDScene", 0, 1393, 0, 0, 0, 0, 0, 0, 0, 81, 1474
"e:\Projects\ArkPvZ\scenes\character\zombie\zombie_013_zamboni.tscn", "GDScene", 0, 1592, 0, 0, 0, 0, 0, 0, 0, 111, 1703
"e:\Projects\ArkPvZ\scenes\character\zombie\zombie_014_bobsled.tscn", "GDScene", 0, 10107, 0, 0, 0, 0, 0, 0, 0, 171, 10278
"e:\Projects\ArkPvZ\scenes\character\zombie\zombie_015_dolphinrider.tscn", "GDScene", 0, 1474, 0, 0, 0, 0, 0, 0, 0, 102, 1576
"e:\Projects\ArkPvZ\scenes\character\zombie\zombie_016_jackbox.tscn", "GDScene", 0, 1582, 0, 0, 0, 0, 0, 0, 0, 108, 1690
"e:\Projects\ArkPvZ\scenes\character\zombie\zombie_017_balloon.tscn", "GDScene", 0, 1399, 0, 0, 0, 0, 0, 0, 0, 81, 1480
"e:\Projects\ArkPvZ\scenes\character\zombie\zombie_018_digger.tscn", "GDScene", 0, 2353, 0, 0, 0, 0, 0, 0, 0, 102, 2455
"e:\Projects\ArkPvZ\scenes\character\zombie\zombie_019_pogo.tscn", "GDScene", 0, 1508, 0, 0, 0, 0, 0, 0, 0, 97, 1605
"e:\Projects\ArkPvZ\scenes\character\zombie\zombie_020_yeti.tscn", "GDScene", 0, 1334, 0, 0, 0, 0, 0, 0, 0, 71, 1405
"e:\Projects\ArkPvZ\scenes\character\zombie\zombie_021_bungi.tscn", "GDScene", 0, 328, 0, 0, 0, 0, 0, 0, 0, 73, 401
"e:\Projects\ArkPvZ\scenes\character\zombie\zombie_022_ladder.tscn", "GDScene", 0, 1518, 0, 0, 0, 0, 0, 0, 0, 105, 1623
"e:\Projects\ArkPvZ\scenes\character\zombie\zombie_023_catapult.tscn", "GDScene", 0, 1858, 0, 0, 0, 0, 0, 0, 0, 158, 2016
"e:\Projects\ArkPvZ\scenes\character\zombie\zombie_024_gargantuar.tscn", "GDScene", 0, 1209, 0, 0, 0, 0, 0, 0, 0, 93, 1302
"e:\Projects\ArkPvZ\scenes\character\zombie\zombie_025_imp.tscn", "GDScene", 0, 1156, 0, 0, 0, 0, 0, 0, 0, 68, 1224
"e:\Projects\ArkPvZ\scenes\character\zombie\zombie_1001_bobsled_signle.tscn", "GDScene", 0, 1338, 0, 0, 0, 0, 0, 0, 0, 64, 1402
"e:\Projects\ArkPvZ\scenes\choose_level\choose_level_button.tscn", "GDScene", 0, 85, 0, 0, 0, 0, 0, 0, 0, 9, 94
"e:\Projects\ArkPvZ\scenes\choose_level\choose_level_button_customize.tscn", "GDScene", 0, 52, 0, 0, 0, 0, 0, 0, 0, 7, 59
"e:\Projects\ArkPvZ\scenes\crazy_dave\crazy_dave.tscn", "GDScene", 0, 767, 0, 0, 0, 0, 0, 0, 0, 128, 895
"e:\Projects\ArkPvZ\scenes\crazy_dave\plant_001_pea_shooter_single.tscn", "GDScene", 0, 1200, 0, 0, 0, 0, 0, 0, 0, 48, 1248
"e:\Projects\ArkPvZ\scenes\crazy_dave\plant_002_sun_flower.tscn", "GDScene", 0, 288, 0, 0, 0, 0, 0, 0, 0, 50, 338
"e:\Projects\ArkPvZ\scenes\fx\butter_splat.tscn", "GDScene", 0, 4, 0, 0, 0, 0, 0, 0, 0, 3, 7
"e:\Projects\ArkPvZ\scenes\fx\doom_shroom_crater.tscn", "GDScene", 0, 88, 0, 0, 0, 0, 0, 0, 0, 21, 109
"e:\Projects\ArkPvZ\scenes\fx\fire.tscn", "GDScene", 0, 559, 0, 0, 0, 0, 0, 0, 0, 11, 570
"e:\Projects\ArkPvZ\scenes\fx\ice_effect.tscn", "GDScene", 0, 40, 0, 0, 0, 0, 0, 0, 0, 8, 48
"e:\Projects\ArkPvZ\scenes\garden\01_wateringcan.tscn", "GDScene", 0, 51, 0, 0, 0, 0, 0, 0, 0, 15, 66
"e:\Projects\ArkPvZ\scenes\garden\02_fertilizer.tscn", "GDScene", 0, 215, 0, 0, 0, 0, 0, 0, 0, 13, 228
"e:\Projects\ArkPvZ\scenes\garden\03_bugspray.tscn", "GDScene", 0, 299, 0, 0, 0, 0, 0, 0, 0, 14, 313
"e:\Projects\ArkPvZ\scenes\garden\04_phonograph.tscn", "GDScene", 0, 474, 0, 0, 0, 0, 0, 0, 0, 16, 490
"e:\Projects\ArkPvZ\scenes\garden\05_chocolate.tscn", "GDScene", 0, 8, 0, 0, 0, 0, 0, 0, 0, 5, 13
"e:\Projects\ArkPvZ\scenes\garden\06_glove.tscn", "GDScene", 0, 80, 0, 0, 0, 0, 0, 0, 0, 15, 95
"e:\Projects\ArkPvZ\scenes\garden\07_money_sign.tscn", "GDScene", 0, 37, 0, 0, 0, 0, 0, 0, 0, 13, 50
"e:\Projects\ArkPvZ\scenes\garden\08_wheel_barrow.tscn", "GDScene", 0, 87, 0, 0, 0, 0, 0, 0, 0, 15, 102
"e:\Projects\ArkPvZ\scenes\garden\Stinky.tscn", "GDScene", 0, 139, 0, 0, 0, 0, 0, 0, 0, 36, 175
"e:\Projects\ArkPvZ\scenes\garden\TreeFood.tscn", "GDScene", 0, 198, 0, 0, 0, 0, 0, 0, 0, 8, 206
"e:\Projects\ArkPvZ\scenes\garden\TreeOfWisdomClouds.tscn", "GDScene", 0, 544, 0, 0, 0, 0, 0, 0, 0, 12, 556
"e:\Projects\ArkPvZ\scenes\garden\bg_00_greenhouse.tscn", "GDScene", 0, 169, 0, 0, 0, 0, 0, 0, 0, 36, 205
"e:\Projects\ArkPvZ\scenes\garden\bg_01_mushroom_garden.tscn", "GDScene", 0, 50, 0, 0, 0, 0, 0, 0, 0, 12, 62
"e:\Projects\ArkPvZ\scenes\garden\bg_02_aquarium.tscn", "GDScene", 0, 50, 0, 0, 0, 0, 0, 0, 0, 12, 62
"e:\Projects\ArkPvZ\scenes\garden\garden_flower_pot.tscn", "GDScene", 0, 1629, 0, 0, 0, 0, 0, 0, 0, 35, 1664
"e:\Projects\ArkPvZ\scenes\garden\garden_speech_bubble.tscn", "GDScene", 0, 28, 0, 0, 0, 0, 0, 0, 0, 8, 36
"e:\Projects\ArkPvZ\scenes\garden\plant_cell_garden.tscn", "GDScene", 0, 78, 0, 0, 0, 0, 0, 0, 0, 11, 89
"e:\Projects\ArkPvZ\scenes\garden\plant_cell_garden_aquarium.tscn", "GDScene", 0, 11, 0, 0, 0, 0, 0, 0, 0, 4, 15
"e:\Projects\ArkPvZ\scenes\item\brain_on_zombie_mode.tscn", "GDScene", 0, 32, 0, 0, 0, 0, 0, 0, 0, 11, 43
"e:\Projects\ArkPvZ\scenes\item\coin_bank_label.tscn", "GDScene", 0, 42, 0, 0, 0, 0, 0, 0, 0, 8, 50
"e:\Projects\ArkPvZ\scenes\item\game_scenes_item\drop\coin_diamond.tscn", "GDScene", 0, 571, 0, 0, 0, 0, 0, 0, 0, 15, 586
"e:\Projects\ArkPvZ\scenes\item\game_scenes_item\drop\coin_gold.tscn", "GDScene", 0, 386, 0, 0, 0, 0, 0, 0, 0, 12, 398
"e:\Projects\ArkPvZ\scenes\item\game_scenes_item\drop\coin_silver.tscn", "GDScene", 0, 384, 0, 0, 0, 0, 0, 0, 0, 12, 396
"e:\Projects\ArkPvZ\scenes\item\game_scenes_item\drop\present.tscn", "GDScene", 0, 285, 0, 0, 0, 0, 0, 0, 0, 60, 345
"e:\Projects\ArkPvZ\scenes\item\game_scenes_item\ice_road.tscn", "GDScene", 0, 17, 0, 0, 0, 0, 0, 0, 0, 6, 23
"e:\Projects\ArkPvZ\scenes\item\game_scenes_item\ladder.tscn", "GDScene", 0, 35, 0, 0, 0, 0, 0, 0, 0, 12, 47
"e:\Projects\ArkPvZ\scenes\item\game_scenes_item\lawn_mover\lawn_mower.tscn", "GDScene", 0, 125, 0, 0, 0, 0, 0, 0, 0, 29, 154
"e:\Projects\ArkPvZ\scenes\item\game_scenes_item\lawn_mover\pool_cleaner.tscn", "GDScene", 0, 181, 0, 0, 0, 0, 0, 0, 0, 45, 226
"e:\Projects\ArkPvZ\scenes\item\game_scenes_item\lawn_mover\roof_cleaner.tscn", "GDScene", 0, 88, 0, 0, 0, 0, 0, 0, 0, 21, 109
"e:\Projects\ArkPvZ\scenes\item\game_scenes_item\mini_game_items\hammer.tscn", "GDScene", 0, 50, 0, 0, 0, 0, 0, 0, 0, 14, 64
"e:\Projects\ArkPvZ\scenes\item\game_scenes_item\mini_game_items\wallnut_bowling_stripe.tscn", "GDScene", 0, 7, 0, 0, 0, 0, 0, 0, 0, 3, 10
"e:\Projects\ArkPvZ\scenes\item\game_scenes_item\plant_effect\plant_start_effect.tscn", "GDScene", 0, 36, 0, 0, 0, 0, 0, 0, 0, 8, 44
"e:\Projects\ArkPvZ\scenes\item\game_scenes_item\plant_effect\plant_start_effect_water.tscn", "GDScene", 0, 24, 0, 0, 0, 0, 0, 0, 0, 5, 29
"e:\Projects\ArkPvZ\scenes\item\game_scenes_item\scary_pot.tscn", "GDScene", 0, 127, 0, 0, 0, 0, 0, 0, 0, 27, 154
"e:\Projects\ArkPvZ\scenes\item\game_scenes_item\splash.tscn", "GDScene", 0, 556, 0, 0, 0, 0, 0, 0, 0, 13, 569
"e:\Projects\ArkPvZ\scenes\item\game_scenes_item\sun.tscn", "GDScene", 0, 323, 0, 0, 0, 0, 0, 0, 0, 17, 340
"e:\Projects\ArkPvZ\scenes\item\game_scenes_item\tombstone.tscn", "GDScene", 0, 85, 0, 0, 0, 0, 0, 0, 0, 13, 98
"e:\Projects\ArkPvZ\scenes\item\game_scenes_item\trophy.tscn", "GDScene", 0, 62, 0, 0, 0, 0, 0, 0, 0, 13, 75
"e:\Projects\ArkPvZ\scenes\main\01StartMenu.tscn", "GDScene", 0, 2884, 0, 0, 0, 0, 0, 0, 0, 166, 3050
"e:\Projects\ArkPvZ\scenes\main\02AdventureChooesLevel.tscn", "GDScene", 0, 693, 0, 0, 0, 0, 0, 0, 0, 98, 791
"e:\Projects\ArkPvZ\scenes\main\03MiniGameChooesLevel.tscn", "GDScene", 0, 661, 0, 0, 0, 0, 0, 0, 0, 100, 761
"e:\Projects\ArkPvZ\scenes\main\04PuzzleChooesLevel.tscn", "GDScene", 0, 1558, 0, 0, 0, 0, 0, 0, 0, 189, 1747
"e:\Projects\ArkPvZ\scenes\main\05SurvivalChooesLevel.tscn", "GDScene", 0, 962, 0, 0, 0, 0, 0, 0, 0, 152, 1114
"e:\Projects\ArkPvZ\scenes\main\06CustomChooesLevel.tscn", "GDScene", 0, 324, 0, 0, 0, 0, 0, 0, 0, 30, 354
"e:\Projects\ArkPvZ\scenes\main\10Garden.tscn", "GDScene", 0, 514, 0, 0, 0, 0, 0, 0, 0, 52, 566
"e:\Projects\ArkPvZ\scenes\main\11Almanac.tscn", "GDScene", 0, 397, 0, 0, 0, 0, 0, 0, 0, 38, 435
"e:\Projects\ArkPvZ\scenes\main\12Store.tscn", "GDScene", 0, 568, 0, 0, 0, 0, 0, 0, 0, 56, 624
"e:\Projects\ArkPvZ\scenes\main\MainGame00Base.tscn", "GDScene", 0, 1266, 0, 0, 0, 0, 0, 0, 0, 143, 1409
"e:\Projects\ArkPvZ\scenes\main\MainGame01Front.tscn", "GDScene", 0, 984, 0, 0, 0, 0, 0, 0, 0, 66, 1050
"e:\Projects\ArkPvZ\scenes\main\MainGame02Back.tscn", "GDScene", 0, 900, 0, 0, 0, 0, 0, 0, 0, 84, 984
"e:\Projects\ArkPvZ\scenes\main\MainGame03Roof.tscn", "GDScene", 0, 808, 0, 0, 0, 0, 0, 0, 0, 69, 877
"e:\Projects\ArkPvZ\scenes\main\control_canvas_layer.tscn", "GDScene", 0, 173, 0, 0, 0, 0, 0, 0, 0, 22, 195
"e:\Projects\ArkPvZ\scenes\main_game_bg\fog.tscn", "GDScene", 0, 7719, 0, 0, 0, 0, 0, 0, 0, 1043, 8762
"e:\Projects\ArkPvZ\scenes\main_game_bg\pool.tscn", "GDScene", 0, 119, 0, 0, 0, 0, 0, 0, 0, 19, 138
"e:\Projects\ArkPvZ\scenes\main_game_bg\rain.tscn", "GDScene", 0, 121, 0, 0, 0, 0, 0, 0, 0, 23, 144
"e:\Projects\ArkPvZ\scenes\main_game_bg\slope.tscn", "GDScene", 0, 47, 0, 0, 0, 0, 0, 0, 0, 18, 65
"e:\Projects\ArkPvZ\scenes\manager\day_suns_manager.tscn", "GDScene", 0, 5, 0, 0, 0, 0, 0, 0, 0, 4, 9
"e:\Projects\ArkPvZ\scenes\start_menu\one_user_button.tscn", "GDScene", 0, 21, 0, 0, 0, 0, 0, 0, 0, 5, 26
"e:\Projects\ArkPvZ\scenes\store\goods.tscn", "GDScene", 0, 66, 0, 0, 0, 0, 0, 0, 0, 11, 77
"e:\Projects\ArkPvZ\scenes\test\test.gd", "GDScript", 0, 0, 0, 0, 26, 0, 0, 0, 10, 12, 48
"e:\Projects\ArkPvZ\scenes\test\test.tscn", "GDScene", 0, 41, 0, 0, 0, 0, 0, 0, 0, 13, 54
"e:\Projects\ArkPvZ\scenes\ui\PVZ_button_base.tscn", "GDScene", 0, 43, 0, 0, 0, 0, 0, 0, 0, 8, 51
"e:\Projects\ArkPvZ\scenes\ui\all_cards\card.tscn", "GDScene", 0, 61, 0, 0, 0, 0, 0, 0, 0, 12, 73
"e:\Projects\ArkPvZ\scenes\ui\all_cards\card_base.tscn", "GDScene", 0, 65, 0, 0, 0, 0, 0, 0, 0, 9, 74
"e:\Projects\ArkPvZ\scenes\ui\all_cards\card_candidate_container.tscn", "GDScene", 0, 11, 0, 0, 0, 0, 0, 0, 0, 6, 17
"e:\Projects\ArkPvZ\scenes\ui\dialog.tscn", "GDScene", 0, 117, 0, 0, 0, 0, 0, 0, 0, 8, 125
"e:\Projects\ArkPvZ\scenes\ui\dialog_confirm.tscn", "GDScene", 0, 234, 0, 0, 0, 0, 0, 0, 0, 12, 246
"e:\Projects\ArkPvZ\scenes\ui\flag_progress_bar.tscn", "GDScene", 0, 71, 0, 0, 0, 0, 0, 0, 0, 14, 85
"e:\Projects\ArkPvZ\scenes\ui\plant_cell.tscn", "GDScene", 0, 97, 0, 0, 0, 0, 0, 0, 0, 20, 117
"e:\Projects\ArkPvZ\scenes\ui\reminder_information.tscn", "GDScene", 0, 33, 0, 0, 0, 0, 0, 0, 0, 5, 38
"e:\Projects\ArkPvZ\scenes\util\ImageCombiner.tscn", "GDScene", 0, 127, 0, 0, 0, 0, 0, 0, 0, 21, 148
"e:\Projects\ArkPvZ\scenes\util\fog.gdshader", "gdshader", 0, 0, 0, 8, 0, 0, 0, 0, 5, 5, 18
"e:\Projects\ArkPvZ\scripts\Almanac\almanac_zombie_card.gd", "GDScript", 0, 0, 0, 0, 15, 0, 0, 0, 0, 7, 22
"e:\Projects\ArkPvZ\scripts\Almanac\main_almanac.gd", "GDScript", 0, 0, 0, 0, 27, 0, 0, 0, 8, 12, 47
"e:\Projects\ArkPvZ\scripts\Almanac\panel_container.gd", "GDScript", 0, 0, 0, 0, 79, 0, 0, 0, 24, 19, 122
"e:\Projects\ArkPvZ\scripts\Almanac\plant_page.gd", "GDScript", 0, 0, 0, 0, 15, 0, 0, 0, 4, 5, 24
"e:\Projects\ArkPvZ\scripts\Almanac\zombie_page.gd", "GDScript", 0, 0, 0, 0, 16, 0, 0, 0, 5, 4, 25
"e:\Projects\ArkPvZ\scripts\autoload\event_bus.gd", "GDScript", 0, 0, 0, 0, 178, 0, 0, 0, 62, 56, 296
"e:\Projects\ArkPvZ\scripts\autoload\global\bullet_registry.gd", "GDScript", 0, 0, 0, 0, 52, 0, 0, 0, 3, 20, 75
"e:\Projects\ArkPvZ\scripts\autoload\global\character_registry.gd", "GDScript", 0, 0, 0, 0, 701, 0, 0, 0, 25, 51, 777
"e:\Projects\ArkPvZ\scripts\autoload\global\config_service.gd", "GDScript", 0, 0, 0, 0, 93, 0, 0, 0, 10, 26, 129
"e:\Projects\ArkPvZ\scripts\autoload\global\global.gd", "GDScript", 0, 0, 0, 0, 23, 0, 0, 0, 13, 12, 48
"e:\Projects\ArkPvZ\scripts\autoload\global\global_game_state.gd", "GDScript", 0, 0, 0, 0, 104, 0, 0, 0, 5, 6, 115
"e:\Projects\ArkPvZ\scripts\autoload\global\global_read_data.gd", "GDScript", 0, 0, 0, 0, 73, 0, 0, 0, 6, 14, 93
"e:\Projects\ArkPvZ\scripts\autoload\global\item_registry.gd", "GDScript", 0, 0, 0, 0, 2, 0, 0, 0, 0, 3, 5
"e:\Projects\ArkPvZ\scripts\autoload\global\main_scene_registry.gd", "GDScript", 0, 0, 0, 0, 36, 0, 0, 0, 2, 9, 47
"e:\Projects\ArkPvZ\scripts\autoload\global\save_service.gd", "GDScript", 0, 0, 0, 0, 107, 0, 0, 0, 18, 25, 150
"e:\Projects\ArkPvZ\scripts\autoload\global\user_manager.gd", "GDScript", 0, 0, 0, 0, 119, 0, 0, 0, 20, 25, 164
"e:\Projects\ArkPvZ\scripts\autoload\scene_registry.gd", "GDScript", 0, 0, 0, 0, 24, 0, 0, 0, 20, 17, 61
"e:\Projects\ArkPvZ\scripts\autoload\sound_manager.gd", "GDScript", 0, 0, 0, 0, 290, 0, 0, 0, 115, 59, 464
"e:\Projects\ArkPvZ\scripts\autoload\tree_pause_manager.gd", "GDScript", 0, 0, 0, 0, 22, 0, 0, 0, 4, 7, 33
"e:\Projects\ArkPvZ\scripts\autoload\util\global_utils.gd", "GDScript", 0, 0, 0, 0, 83, 0, 0, 0, 23, 26, 132
"e:\Projects\ArkPvZ\scripts\autoload\util\random_picker.gd", "GDScript", 0, 0, 0, 0, 201, 0, 0, 0, 54, 39, 294
"e:\Projects\ArkPvZ\scripts\bullet\bullet_000_base.gd", "GDScript", 0, 0, 0, 0, 6, 0, 0, 0, 4, 2, 12
"e:\Projects\ArkPvZ\scripts\bullet\bullet_000_linear_base.gd", "GDScript", 0, 0, 0, 0, 38, 0, 0, 0, 16, 9, 63
"e:\Projects\ArkPvZ\scripts\bullet\bullet_000_norm_base.gd", "GDScript", 0, 0, 0, 0, 105, 0, 0, 0, 42, 28, 175
"e:\Projects\ArkPvZ\scripts\bullet\bullet_000_parabola_base.gd", "GDScript", 0, 0, 0, 0, 64, 0, 0, 0, 29, 25, 118
"e:\Projects\ArkPvZ\scripts\bullet\bullet_000_track_base.gd", "GDScript", 0, 0, 0, 0, 48, 0, 0, 0, 15, 14, 77
"e:\Projects\ArkPvZ\scripts\bullet\bullet_002_pea_snow.gd", "GDScript", 0, 0, 0, 0, 8, 0, 0, 0, 1, 5, 14
"e:\Projects\ArkPvZ\scripts\bullet\bullet_006_pea_fire.gd", "GDScript", 0, 0, 0, 0, 11, 0, 0, 0, 1, 4, 16
"e:\Projects\ArkPvZ\scripts\bullet\bullet_007_cactus.gd", "GDScript", 0, 0, 0, 0, 6, 0, 0, 0, 1, 3, 10
"e:\Projects\ArkPvZ\scripts\bullet\bullet_008_star.gd", "GDScript", 0, 0, 0, 0, 2, 0, 0, 0, 0, 1, 3
"e:\Projects\ArkPvZ\scripts\bullet\bullet_011_butter.gd", "GDScript", 0, 0, 0, 0, 6, 0, 0, 0, 2, 3, 11
"e:\Projects\ArkPvZ\scripts\bullet\bullet_012_melon.gd", "GDScript", 0, 0, 0, 0, 6, 0, 0, 0, 1, 4, 11
"e:\Projects\ArkPvZ\scripts\bullet\bullet_015_winter_melon.gd", "GDScript", 0, 0, 0, 0, 12, 0, 0, 0, 1, 5, 18
"e:\Projects\ArkPvZ\scripts\bullet\bullet_016_cob_cannon.gd", "GDScript", 0, 0, 0, 0, 30, 0, 0, 0, 2, 11, 43
"e:\Projects\ArkPvZ\scripts\bullet\bullet_1001_bowling.gd", "GDScript", 0, 0, 0, 0, 71, 0, 0, 0, 22, 14, 107
"e:\Projects\ArkPvZ\scripts\bullet\bullet_1002_bowling_bomb.gd", "GDScript", 0, 0, 0, 0, 12, 0, 0, 0, 2, 5, 19
"e:\Projects\ArkPvZ\scripts\bullet\bullet_1003_bowling_big.gd", "GDScript", 0, 0, 0, 0, 9, 0, 0, 0, 3, 6, 18
"e:\Projects\ArkPvZ\scripts\bullet\component\movement\bullet_movement_base.gd", "GDScript", 0, 0, 0, 0, 7, 0, 0, 0, 4, 6, 17
"e:\Projects\ArkPvZ\scripts\bullet\component\movement\bullet_movement_linear.gd", "GDScript", 0, 0, 0, 0, 5, 0, 0, 0, 2, 2, 9
"e:\Projects\ArkPvZ\scripts\bullet\component\movement\bullet_movement_parabola.gd", "GDScript", 0, 0, 0, 0, 61, 0, 0, 0, 34, 16, 111
"e:\Projects\ArkPvZ\scripts\bullet\component\movement\bullet_movement_track.gd", "GDScript", 0, 0, 0, 0, 64, 0, 0, 0, 33, 17, 114
"e:\Projects\ArkPvZ\scripts\bullet\component\spatter_component.gd", "GDScript", 0, 0, 0, 0, 30, 0, 0, 0, 7, 8, 45
"e:\Projects\ArkPvZ\scripts\bullet\component\spatter_component_winter_melon.gd", "GDScript", 0, 0, 0, 0, 6, 0, 0, 0, 0, 4, 10
"e:\Projects\ArkPvZ\scripts\camera\main_game_camera.gd", "GDScript", 0, 0, 0, 0, 12, 0, 0, 0, 3, 8, 23
"e:\Projects\ArkPvZ\scripts\character\character_000_base.gd", "GDScript", 0, 0, 0, 0, 180, 0, 0, 0, 82, 52, 314
"e:\Projects\ArkPvZ\scripts\character\components\009_jackson\zombie_jackson_manager.gd", "GDScript", 0, 0, 0, 0, 171, 0, 0, 0, 40, 30, 241
"e:\Projects\ArkPvZ\scripts\character\components\009_jackson\zombie_jackson_state_machine.gd", "GDScript", 0, 0, 0, 0, 101, 0, 0, 0, 28, 21, 150
"e:\Projects\ArkPvZ\scripts\character\components\anim_component\component_anim.gd", "GDScript", 0, 0, 0, 0, 19, 0, 0, 0, 13, 11, 43
"e:\Projects\ArkPvZ\scripts\character\components\anim_component\component_anim_bobsled.gd", "GDScript", 0, 0, 0, 0, 23, 0, 0, 0, 4, 7, 34
"e:\Projects\ArkPvZ\scripts\character\components\anim_component\component_anim_empty.gd", "GDScript", 0, 0, 0, 0, 10, 0, 0, 0, 4, 4, 18
"e:\Projects\ArkPvZ\scripts\character\components\anim_component\component_anim_norm.gd", "GDScript", 0, 0, 0, 0, 12, 0, 0, 0, 4, 6, 22
"e:\Projects\ArkPvZ\scripts\character\components\anim_component\component_anim_player.gd", "GDScript", 0, 0, 0, 0, 12, 0, 0, 0, 4, 6, 22
"e:\Projects\ArkPvZ\scripts\character\components\attack_behavior_component\component_attack_base.gd", "GDScript", 0, 0, 0, 0, 47, 0, 0, 0, 15, 14, 76
"e:\Projects\ArkPvZ\scripts\character\components\attack_behavior_component\component_attack_bullet_base.gd", "GDScript", 0, 0, 0, 0, 67, 0, 0, 0, 30, 20, 117
"e:\Projects\ArkPvZ\scripts\character\components\attack_behavior_component\component_attack_bullet_cactus.gd", "GDScript", 0, 0, 0, 0, 22, 0, 0, 0, 2, 7, 31
"e:\Projects\ArkPvZ\scripts\character\components\attack_behavior_component\component_attack_bullet_corn.gd", "GDScript", 0, 0, 0, 0, 14, 0, 0, 0, 4, 6, 24
"e:\Projects\ArkPvZ\scripts\character\components\attack_behavior_component\component_attack_bullet_pult_base.gd", "GDScript", 0, 0, 0, 0, 15, 0, 0, 0, 6, 4, 25
"e:\Projects\ArkPvZ\scripts\character\components\attack_behavior_component\component_attack_bullet_split_pea.gd", "GDScript", 0, 0, 0, 0, 31, 0, 0, 0, 8, 7, 46
"e:\Projects\ArkPvZ\scripts\character\components\attack_behavior_component\component_attack_bullet_three_pea.gd", "GDScript", 0, 0, 0, 0, 50, 0, 0, 0, 10, 17, 77
"e:\Projects\ArkPvZ\scripts\character\components\attack_behavior_component\component_attack_bullet_track.gd", "GDScript", 0, 0, 0, 0, 28, 0, 0, 0, 6, 9, 43
"e:\Projects\ArkPvZ\scripts\character\components\attack_behavior_component\component_attack_zombie_gargantuar.gd", "GDScript", 0, 0, 0, 0, 36, 0, 0, 0, 6, 6, 48
"e:\Projects\ArkPvZ\scripts\character\components\attack_behavior_component\component_attack_zombie_ladder.gd", "GDScript", 0, 0, 0, 0, 23, 0, 0, 0, 6, 6, 35
"e:\Projects\ArkPvZ\scripts\character\components\attack_behavior_component\component_attack_zombie_norm.gd", "GDScript", 0, 0, 0, 0, 36, 0, 0, 0, 8, 14, 58
"e:\Projects\ArkPvZ\scripts\character\components\attack_behavior_component\component_attack_zombie_zamboni.gd", "GDScript", 0, 0, 0, 0, 12, 0, 0, 0, 3, 4, 19
"e:\Projects\ArkPvZ\scripts\character\components\body_character.gd", "GDScript", 0, 0, 0, 0, 102, 0, 0, 0, 21, 29, 152
"e:\Projects\ArkPvZ\scripts\character\components\bomb_component\component_bomb_base.gd", "GDScript", 0, 0, 0, 0, 34, 0, 0, 0, 18, 11, 63
"e:\Projects\ArkPvZ\scripts\character\components\bomb_component\component_bomb_ice.gd", "GDScript", 0, 0, 0, 0, 9, 0, 0, 0, 2, 5, 16
"e:\Projects\ArkPvZ\scripts\character\components\bomb_component\component_bomb_jackbox.gd", "GDScript", 0, 0, 0, 0, 44, 0, 0, 0, 15, 14, 73
"e:\Projects\ArkPvZ\scripts\character\components\bomb_component\component_bomb_jalapeno.gd", "GDScript", 0, 0, 0, 0, 10, 0, 0, 0, 3, 6, 19
"e:\Projects\ArkPvZ\scripts\character\components\bomb_component\component_bomb_norm.gd", "GDScript", 0, 0, 0, 0, 30, 0, 0, 0, 5, 6, 41
"e:\Projects\ArkPvZ\scripts\character\components\charred_component\component_charred.gd", "GDScript", 0, 0, 0, 0, 6, 0, 0, 0, 3, 5, 14
"e:\Projects\ArkPvZ\scripts\character\components\charred_component\component_charred_black_anim.gd", "GDScript", 0, 0, 0, 0, 11, 0, 0, 0, 2, 4, 17
"e:\Projects\ArkPvZ\scripts\character\components\charred_component\component_charred_zombie_bobsled.gd", "GDScript", 0, 0, 0, 0, 23, 0, 0, 0, 2, 4, 29
"e:\Projects\ArkPvZ\scripts\character\components\charred_component\component_charred_zombie_norm.gd", "GDScript", 0, 0, 0, 0, 10, 0, 0, 0, 3, 4, 17
"e:\Projects\ArkPvZ\scripts\character\components\component_blink.gd", "GDScript", 0, 0, 0, 0, 47, 0, 0, 0, 6, 10, 63
"e:\Projects\ArkPvZ\scripts\character\components\component_create_coin.gd", "GDScript", 0, 0, 0, 0, 42, 0, 0, 0, 11, 15, 68
"e:\Projects\ArkPvZ\scripts\character\components\component_create_sun.gd", "GDScript", 0, 0, 0, 0, 81, 0, 0, 0, 27, 28, 136
"e:\Projects\ArkPvZ\scripts\character\components\component_drop_item.gd", "GDScript", 0, 0, 0, 0, 31, 0, 0, 0, 11, 8, 50
"e:\Projects\ArkPvZ\scripts\character\components\component_fog_clearer.gd", "GDScript", 0, 0, 0, 0, 13, 0, 0, 0, 1, 6, 20
"e:\Projects\ArkPvZ\scripts\character\components\component_grap.gd", "GDScript", 0, 0, 0, 0, 24, 0, 0, 0, 2, 7, 33
"e:\Projects\ArkPvZ\scripts\character\components\component_hurt_box.gd", "GDScript", 0, 0, 0, 0, 17, 0, 0, 0, 9, 7, 33
"e:\Projects\ArkPvZ\scripts\character\components\component_hurt_box_zombie.gd", "GDScript", 0, 0, 0, 0, 17, 0, 0, 0, 7, 5, 29
"e:\Projects\ArkPvZ\scripts\character\components\component_jump.gd", "GDScript", 0, 0, 0, 0, 92, 0, 0, 0, 36, 26, 154
"e:\Projects\ArkPvZ\scripts\character\components\component_magnet.gd", "GDScript", 0, 0, 0, 0, 69, 0, 0, 0, 17, 20, 106
"e:\Projects\ArkPvZ\scripts\character\components\component_move.gd", "GDScript", 0, 0, 0, 0, 136, 0, 0, 0, 46, 34, 216
"e:\Projects\ArkPvZ\scripts\character\components\component_norm_base.gd", "GDScript", 0, 0, 0, 0, 44, 0, 0, 0, 8, 10, 62
"e:\Projects\ArkPvZ\scripts\character\components\component_scaredy.gd", "GDScript", 0, 0, 0, 0, 18, 0, 0, 0, 3, 7, 28
"e:\Projects\ArkPvZ\scripts\character\components\component_sleep.gd", "GDScript", 0, 0, 0, 0, 32, 0, 0, 0, 6, 14, 52
"e:\Projects\ArkPvZ\scripts\character\components\dancer_manager_component\component_dancer_manager.gd", "GDScript", 0, 0, 0, 0, 8, 0, 0, 0, 4, 4, 16
"e:\Projects\ArkPvZ\scripts\character\components\detect_component\component_detect.gd", "GDScript", 0, 0, 0, 0, 260, 0, 0, 0, 96, 41, 397
"e:\Projects\ArkPvZ\scripts\character\components\detect_component\component_detect_squash.gd", "GDScript", 0, 0, 0, 0, 31, 0, 0, 0, 11, 5, 47
"e:\Projects\ArkPvZ\scripts\character\components\drop_body\ZombieArm1Drop.gd", "GDScript", 0, 0, 0, 0, 6, 0, 0, 0, 1, 3, 10
"e:\Projects\ArkPvZ\scripts\character\components\drop_body\ZombieDropBase.gd", "GDScript", 0, 0, 0, 0, 68, 0, 0, 0, 12, 24, 104
"e:\Projects\ArkPvZ\scripts\character\components\drop_body\ZombieHandDrop.gd", "GDScript", 0, 0, 0, 0, 6, 0, 0, 0, 1, 3, 10
"e:\Projects\ArkPvZ\scripts\character\components\drop_body\ZombieHeadDrop.gd", "GDScript", 0, 0, 0, 0, 6, 0, 0, 0, 0, 3, 9
"e:\Projects\ArkPvZ\scripts\character\components\garden\component_garden.gd", "GDScript", 0, 0, 0, 0, 153, 0, 0, 0, 58, 26, 237
"e:\Projects\ArkPvZ\scripts\character\components\garden\component_garden_sprout.gd", "GDScript", 0, 0, 0, 0, 21, 0, 0, 0, 2, 10, 33
"e:\Projects\ArkPvZ\scripts\character\components\hp_component\component_hp.gd", "GDScript", 0, 0, 0, 0, 49, 0, 0, 0, 17, 18, 84
"e:\Projects\ArkPvZ\scripts\character\components\hp_component\component_hp_plant.gd", "GDScript", 0, 0, 0, 0, 2, 0, 0, 0, 1, 1, 4
"e:\Projects\ArkPvZ\scripts\character\components\hp_component\component_hp_stage_change.gd", "GDScript", 0, 0, 0, 0, 86, 0, 0, 0, 34, 25, 145
"e:\Projects\ArkPvZ\scripts\character\components\hp_component\component_hp_zombie.gd", "GDScript", 0, 0, 0, 0, 167, 0, 0, 0, 54, 49, 270
"e:\Projects\ArkPvZ\scripts\character\components\iron_node\iron_node.gd", "GDScript", 0, 0, 0, 0, 7, 0, 0, 0, 3, 3, 13
"e:\Projects\ArkPvZ\scripts\character\components\iron_node\iron_node_armor.gd", "GDScript", 0, 0, 0, 0, 7, 0, 0, 0, 3, 3, 13
"e:\Projects\ArkPvZ\scripts\character\components\p_048_cob_cannon_target.gd", "GDScript", 0, 0, 0, 0, 20, 0, 0, 0, 4, 12, 36
"e:\Projects\ArkPvZ\scripts\character\components\swim_box_component\component_swim_box.gd", "GDScript", 0, 0, 0, 0, 24, 0, 0, 0, 10, 13, 47
"e:\Projects\ArkPvZ\scripts\character\components\swim_box_component\component_swim_box_norm.gd", "GDScript", 0, 0, 0, 0, 36, 0, 0, 0, 9, 9, 54
"e:\Projects\ArkPvZ\scripts\character\components\swim_box_component\component_swim_box_snorkle.gd", "GDScript", 0, 0, 0, 0, 10, 0, 0, 0, 3, 4, 17
"e:\Projects\ArkPvZ\scripts\character\components\zombie013Zamboni\zombie_013_death_bomb.gd", "GDScript", 0, 0, 0, 0, 38, 0, 0, 0, 5, 9, 52
"e:\Projects\ArkPvZ\scripts\character\components\zombie_death_bomb\zombie_death_bomb.gd", "GDScript", 0, 0, 0, 0, 11, 0, 0, 0, 0, 6, 17
"e:\Projects\ArkPvZ\scripts\character\plant\plant_000_base.gd", "GDScript", 0, 0, 0, 0, 151, 0, 0, 0, 70, 48, 269
"e:\Projects\ArkPvZ\scripts\character\plant\plant_000_down_base.gd", "GDScript", 0, 0, 0, 0, 12, 0, 0, 0, 10, 5, 27
"e:\Projects\ArkPvZ\scripts\character\plant\plant_001_pea_shooter_single.gd", "GDScript", 0, 0, 0, 0, 6, 0, 0, 0, 1, 4, 11
"e:\Projects\ArkPvZ\scripts\character\plant\plant_002_sun_flower.gd", "GDScript", 0, 0, 0, 0, 17, 0, 0, 0, 3, 8, 28
"e:\Projects\ArkPvZ\scripts\character\plant\plant_003_cherry_bomb.gd", "GDScript", 0, 0, 0, 0, 5, 0, 0, 0, 1, 3, 9
"e:\Projects\ArkPvZ\scripts\character\plant\plant_004_wall_nut.gd", "GDScript", 0, 0, 0, 0, 6, 0, 0, 0, 1, 3, 10
"e:\Projects\ArkPvZ\scripts\character\plant\plant_005_potato_mine.gd", "GDScript", 0, 0, 0, 0, 41, 0, 0, 0, 11, 15, 67
"e:\Projects\ArkPvZ\scripts\character\plant\plant_006_snow_pea.gd", "GDScript", 0, 0, 0, 0, 6, 0, 0, 0, 1, 3, 10
"e:\Projects\ArkPvZ\scripts\character\plant\plant_007_chomper.gd", "GDScript", 0, 0, 0, 0, 45, 0, 0, 0, 19, 15, 79
"e:\Projects\ArkPvZ\scripts\character\plant\plant_008_pea_shooter_double.gd", "GDScript", 0, 0, 0, 0, 6, 0, 0, 0, 1, 4, 11
"e:\Projects\ArkPvZ\scripts\character\plant\plant_009_puff.gd", "GDScript", 0, 0, 0, 0, 6, 0, 0, 0, 1, 4, 11
"e:\Projects\ArkPvZ\scripts\character\plant\plant_010_sun_shroom.gd", "GDScript", 0, 0, 0, 0, 47, 0, 0, 0, 11, 17, 75
"e:\Projects\ArkPvZ\scripts\character\plant\plant_011_fume_shroom.gd", "GDScript", 0, 0, 0, 0, 18, 0, 0, 0, 2, 8, 28
"e:\Projects\ArkPvZ\scripts\character\plant\plant_012_grave_buster.gd", "GDScript", 0, 0, 0, 0, 32, 0, 0, 0, 7, 10, 49
"e:\Projects\ArkPvZ\scripts\character\plant\plant_013_hypno_shroom.gd", "GDScript", 0, 0, 0, 0, 9, 0, 0, 0, 2, 5, 16
"e:\Projects\ArkPvZ\scripts\character\plant\plant_014_scaredy_shroom.gd", "GDScript", 0, 0, 0, 0, 16, 0, 0, 0, 1, 9, 26
"e:\Projects\ArkPvZ\scripts\character\plant\plant_015_ice_shroom.gd", "GDScript", 0, 0, 0, 0, 5, 0, 0, 0, 1, 4, 10
"e:\Projects\ArkPvZ\scripts\character\plant\plant_016_doom_shroom.gd", "GDScript", 0, 0, 0, 0, 8, 0, 0, 0, 1, 5, 14
"e:\Projects\ArkPvZ\scripts\character\plant\plant_017_lily_pad.gd", "GDScript", 0, 0, 0, 0, 22, 0, 0, 0, 2, 6, 30
"e:\Projects\ArkPvZ\scripts\character\plant\plant_018_squash.gd", "GDScript", 0, 0, 0, 0, 46, 0, 0, 0, 9, 10, 65
"e:\Projects\ArkPvZ\scripts\character\plant\plant_019_three_peater.gd", "GDScript", 0, 0, 0, 0, 6, 0, 0, 0, 1, 4, 11
"e:\Projects\ArkPvZ\scripts\character\plant\plant_020_tanglekelp.gd", "GDScript", 0, 0, 0, 0, 20, 0, 0, 0, 3, 9, 32
"e:\Projects\ArkPvZ\scripts\character\plant\plant_021_jalapeno.gd", "GDScript", 0, 0, 0, 0, 5, 0, 0, 0, 1, 3, 9
"e:\Projects\ArkPvZ\scripts\character\plant\plant_022_caltrop.gd", "GDScript", 0, 0, 0, 0, 24, 0, 0, 0, 4, 7, 35
"e:\Projects\ArkPvZ\scripts\character\plant\plant_023_torch_wood.gd", "GDScript", 0, 0, 0, 0, 28, 0, 0, 0, 6, 7, 41
"e:\Projects\ArkPvZ\scripts\character\plant\plant_024_tall_nut.gd", "GDScript", 0, 0, 0, 0, 10, 0, 0, 0, 1, 5, 16
"e:\Projects\ArkPvZ\scripts\character\plant\plant_025_sea_shroom.gd", "GDScript", 0, 0, 0, 0, 6, 0, 0, 0, 1, 4, 11
"e:\Projects\ArkPvZ\scripts\character\plant\plant_026_plantern.gd", "GDScript", 0, 0, 0, 0, 8, 0, 0, 0, 0, 2, 10
"e:\Projects\ArkPvZ\scripts\character\plant\plant_027_cactus.gd", "GDScript", 0, 0, 0, 0, 18, 0, 0, 0, 4, 9, 31
"e:\Projects\ArkPvZ\scripts\character\plant\plant_028_blover.gd", "GDScript", 0, 0, 0, 0, 15, 0, 0, 0, 2, 7, 24
"e:\Projects\ArkPvZ\scripts\character\plant\plant_029_split_pea.gd", "GDScript", 0, 0, 0, 0, 6, 0, 0, 0, 1, 4, 11
"e:\Projects\ArkPvZ\scripts\character\plant\plant_030_star_fruit.gd", "GDScript", 0, 0, 0, 0, 6, 0, 0, 0, 1, 4, 11
"e:\Projects\ArkPvZ\scripts\character\plant\plant_031_pumpkin.gd", "GDScript", 0, 0, 0, 0, 10, 0, 0, 0, 1, 5, 16
"e:\Projects\ArkPvZ\scripts\character\plant\plant_032_magnet_shroom.gd", "GDScript", 0, 0, 0, 0, 10, 0, 0, 0, 1, 6, 17
"e:\Projects\ArkPvZ\scripts\character\plant\plant_033_cabbage_pult.gd", "GDScript", 0, 0, 0, 0, 6, 0, 0, 0, 1, 3, 10
"e:\Projects\ArkPvZ\scripts\character\plant\plant_035_corn_pult.gd", "GDScript", 0, 0, 0, 0, 6, 0, 0, 0, 1, 4, 11
"e:\Projects\ArkPvZ\scripts\character\plant\plant_036_coffee_bean.gd", "GDScript", 0, 0, 0, 0, 4, 0, 0, 0, 1, 2, 7
"e:\Projects\ArkPvZ\scripts\character\plant\plant_037_garlic.gd", "GDScript", 0, 0, 0, 0, 8, 0, 0, 0, 2, 4, 14
"e:\Projects\ArkPvZ\scripts\character\plant\plant_038_umbrella_leaf.gd", "GDScript", 0, 0, 0, 0, 14, 0, 0, 0, 2, 7, 23
"e:\Projects\ArkPvZ\scripts\character\plant\plant_039_mari_gold.gd", "GDScript", 0, 0, 0, 0, 6, 0, 0, 0, 1, 3, 10
"e:\Projects\ArkPvZ\scripts\character\plant\plant_040_melon_pult.gd", "GDScript", 0, 0, 0, 0, 6, 0, 0, 0, 1, 5, 12
"e:\Projects\ArkPvZ\scripts\character\plant\plant_041_gatling_pea.gd", "GDScript", 0, 0, 0, 0, 6, 0, 0, 0, 1, 4, 11
"e:\Projects\ArkPvZ\scripts\character\plant\plant_042_twin_sun_flower.gd", "GDScript", 0, 0, 0, 0, 17, 0, 0, 0, 3, 8, 28
"e:\Projects\ArkPvZ\scripts\character\plant\plant_043_gloom_shroom.gd", "GDScript", 0, 0, 0, 0, 25, 0, 0, 0, 1, 7, 33
"e:\Projects\ArkPvZ\scripts\character\plant\plant_044_cattail.gd", "GDScript", 0, 0, 0, 0, 6, 0, 0, 0, 1, 4, 11
"e:\Projects\ArkPvZ\scripts\character\plant\plant_046_gold_magnet.gd", "GDScript", 0, 0, 0, 0, 18, 0, 0, 0, 4, 11, 33
"e:\Projects\ArkPvZ\scripts\character\plant\plant_047_spike_rock.gd", "GDScript", 0, 0, 0, 0, 23, 0, 0, 0, 4, 9, 36
"e:\Projects\ArkPvZ\scripts\character\plant\plant_048_cob_cannon.gd", "GDScript", 0, 0, 0, 0, 66, 0, 0, 0, 23, 27, 116
"e:\Projects\ArkPvZ\scripts\character\plant\plant_1000_sprout.gd", "GDScript", 0, 0, 0, 0, 6, 0, 0, 0, 1, 3, 10
"e:\Projects\ArkPvZ\scripts\character\plant\plant_1001_wall_nut_bowling.gd", "GDScript", 0, 0, 0, 0, 18, 0, 0, 0, 2, 5, 25
"e:\Projects\ArkPvZ\scripts\character\plant\plant_999_imitater.gd", "GDScript", 0, 0, 0, 0, 10, 0, 0, 0, 4, 4, 18
"e:\Projects\ArkPvZ\scripts\character\zombie\zombie_000_base.gd", "GDScript", 0, 0, 0, 0, 359, 0, 0, 0, 147, 94, 600
"e:\Projects\ArkPvZ\scripts\character\zombie\zombie_001_norm.gd", "GDScript", 0, 0, 0, 0, 41, 0, 0, 0, 6, 11, 58
"e:\Projects\ArkPvZ\scripts\character\zombie\zombie_004_pole_vaulter.gd", "GDScript", 0, 0, 0, 0, 37, 0, 0, 0, 9, 13, 59
"e:\Projects\ArkPvZ\scripts\character\zombie\zombie_006_paper.gd", "GDScript", 0, 0, 0, 0, 13, 0, 0, 0, 3, 4, 20
"e:\Projects\ArkPvZ\scripts\character\zombie\zombie_009_jackson.gd", "GDScript", 0, 0, 0, 0, 94, 0, 0, 0, 46, 32, 172
"e:\Projects\ArkPvZ\scripts\character\zombie\zombie_010_dancer.gd", "GDScript", 0, 0, 0, 0, 53, 0, 0, 0, 24, 14, 91
"e:\Projects\ArkPvZ\scripts\character\zombie\zombie_012_snorkle.gd", "GDScript", 0, 0, 0, 0, 28, 0, 0, 0, 13, 10, 51
"e:\Projects\ArkPvZ\scripts\character\zombie\zombie_013_zamboni.gd", "GDScript", 0, 0, 0, 0, 49, 0, 0, 0, 16, 13, 78
"e:\Projects\ArkPvZ\scripts\character\zombie\zombie_014_bobsled.gd", "GDScript", 0, 0, 0, 0, 66, 0, 0, 0, 7, 12, 85
"e:\Projects\ArkPvZ\scripts\character\zombie\zombie_015_dolphinrider.gd", "GDScript", 0, 0, 0, 0, 58, 0, 0, 0, 17, 19, 94
"e:\Projects\ArkPvZ\scripts\character\zombie\zombie_016_jackbox.gd", "GDScript", 0, 0, 0, 0, 24, 0, 0, 0, 4, 10, 38
"e:\Projects\ArkPvZ\scripts\character\zombie\zombie_017_balloon.gd", "GDScript", 0, 0, 0, 0, 36, 0, 0, 0, 8, 11, 55
"e:\Projects\ArkPvZ\scripts\character\zombie\zombie_018_digger.gd", "GDScript", 0, 0, 0, 0, 45, 0, 0, 0, 16, 15, 76
"e:\Projects\ArkPvZ\scripts\character\zombie\zombie_019_pogo.gd", "GDScript", 0, 0, 0, 0, 71, 0, 0, 0, 23, 17, 111
"e:\Projects\ArkPvZ\scripts\character\zombie\zombie_020_yeti.gd", "GDScript", 0, 0, 0, 0, 17, 0, 0, 0, 5, 6, 28
"e:\Projects\ArkPvZ\scripts\character\zombie\zombie_021_bungi.gd", "GDScript", 0, 0, 0, 0, 58, 0, 0, 0, 18, 15, 91
"e:\Projects\ArkPvZ\scripts\character\zombie\zombie_022_ladder.gd", "GDScript", 0, 0, 0, 0, 35, 0, 0, 0, 6, 9, 50
"e:\Projects\ArkPvZ\scripts\character\zombie\zombie_023_catapult.gd", "GDScript", 0, 0, 0, 0, 79, 0, 0, 0, 28, 16, 123
"e:\Projects\ArkPvZ\scripts\character\zombie\zombie_024_gargantuar.gd", "GDScript", 0, 0, 0, 0, 59, 0, 0, 0, 20, 16, 95
"e:\Projects\ArkPvZ\scripts\character\zombie\zombie_025_imp.gd", "GDScript", 0, 0, 0, 0, 34, 0, 0, 0, 10, 9, 53
"e:\Projects\ArkPvZ\scripts\choose_level\06_custom_chooes_level.gd", "GDScript", 0, 0, 0, 0, 60, 0, 0, 0, 5, 24, 89
"e:\Projects\ArkPvZ\scripts\choose_level\choose_level.gd", "GDScript", 0, 0, 0, 0, 79, 0, 0, 0, 19, 22, 120
"e:\Projects\ArkPvZ\scripts\choose_level\choose_level_button.gd", "GDScript", 0, 0, 0, 0, 33, 0, 0, 0, 7, 12, 52
"e:\Projects\ArkPvZ\scripts\choose_level\choose_level_button_customize.gd", "GDScript", 0, 0, 0, 0, 10, 0, 0, 0, 0, 4, 14
"e:\Projects\ArkPvZ\scripts\consts\README.md", "Markdown", 0, 0, 13, 0, 0, 0, 0, 0, 0, 9, 22
"e:\Projects\ArkPvZ\scripts\consts\const_level_data.gd", "GDScript", 0, 0, 0, 0, 52, 0, 0, 0, 16, 8, 76
"e:\Projects\ArkPvZ\scripts\crazy_dave\crazy_dave.gd", "GDScript", 0, 0, 0, 0, 151, 0, 0, 0, 70, 44, 265
"e:\Projects\ArkPvZ\scripts\crazy_dave\crazy_dave_panel.gd", "GDScript", 0, 0, 0, 0, 7, 0, 0, 0, 2, 3, 12
"e:\Projects\ArkPvZ\scripts\fx\bullet_effect\bullet_effect_000_base.gd", "GDScript", 0, 0, 0, 0, 7, 0, 0, 0, 5, 4, 16
"e:\Projects\ArkPvZ\scripts\fx\bullet_effect\bullet_effect_001_norm.gd", "GDScript", 0, 0, 0, 0, 15, 0, 0, 0, 1, 3, 19
"e:\Projects\ArkPvZ\scripts\fx\bullet_effect\bullet_effect_006_pea_fire.gd", "GDScript", 0, 0, 0, 0, 9, 0, 0, 0, 0, 3, 12
"e:\Projects\ArkPvZ\scripts\fx\other_effect\canvas_layer_effect.gd", "GDScript", 0, 0, 0, 0, 25, 0, 0, 0, 4, 8, 37
"e:\Projects\ArkPvZ\scripts\fx\other_effect\dirt_new_zombie_appear_from_ground.gd", "GDScript", 0, 0, 0, 0, 17, 0, 0, 0, 1, 7, 25
"e:\Projects\ArkPvZ\scripts\fx\other_effect\doom_shroom_crater.gd", "GDScript", 0, 0, 0, 0, 19, 0, 0, 0, 4, 7, 30
"e:\Projects\ArkPvZ\scripts\fx\plant_effect\plant_effect_000_bomb_base.gd", "GDScript", 0, 0, 0, 0, 7, 0, 0, 0, 2, 3, 12
"e:\Projects\ArkPvZ\scripts\fx\plant_effect\plant_effect_001_bomb_cherry.gd", "GDScript", 0, 0, 0, 0, 13, 0, 0, 0, 1, 4, 18
"e:\Projects\ArkPvZ\scripts\fx\plant_effect\plant_effect_002_bomb_potato_mine.gd", "GDScript", 0, 0, 0, 0, 8, 0, 0, 0, 1, 4, 13
"e:\Projects\ArkPvZ\scripts\fx\plant_effect\plant_effect_003_bomb_ice.gd", "GDScript", 0, 0, 0, 0, 9, 0, 0, 0, 0, 4, 13
"e:\Projects\ArkPvZ\scripts\fx\plant_effect\plant_effect_004_bomb_doom.gd", "GDScript", 0, 0, 0, 0, 9, 0, 0, 0, 0, 4, 13
"e:\Projects\ArkPvZ\scripts\fx\plant_effect\plant_effect_005_bomb_fire.gd", "GDScript", 0, 0, 0, 0, 13, 0, 0, 0, 0, 5, 18
"e:\Projects\ArkPvZ\scripts\fx\plant_effect\plant_effect_006_bomb_con_cannon.gd", "GDScript", 0, 0, 0, 0, 8, 0, 0, 0, 1, 4, 13
"e:\Projects\ArkPvZ\scripts\fx\plant_effect\plant_start_effect.gd", "GDScript", 0, 0, 0, 0, 14, 0, 0, 0, 3, 4, 21
"e:\Projects\ArkPvZ\scripts\garden\Item\garden_item_01_wateringcan.gd", "GDScript", 0, 0, 0, 0, 32, 0, 0, 0, 6, 17, 55
"e:\Projects\ArkPvZ\scripts\garden\Item\garden_item_02_fertilizer.gd", "GDScript", 0, 0, 0, 0, 2, 0, 0, 0, 0, 1, 3
"e:\Projects\ArkPvZ\scripts\garden\Item\garden_item_03_bugspray.gd", "GDScript", 0, 0, 0, 0, 2, 0, 0, 0, 0, 1, 3
"e:\Projects\ArkPvZ\scripts\garden\Item\garden_item_04_phonograph.gd", "GDScript", 0, 0, 0, 0, 2, 0, 0, 0, 0, 1, 3
"e:\Projects\ArkPvZ\scripts\garden\Item\garden_item_05_chocolate.gd", "GDScript", 0, 0, 0, 0, 6, 0, 0, 0, 1, 4, 11
"e:\Projects\ArkPvZ\scripts\garden\Item\garden_item_06_glove.gd", "GDScript", 0, 0, 0, 0, 81, 0, 0, 0, 14, 21, 116
"e:\Projects\ArkPvZ\scripts\garden\Item\garden_item_07_money_sign.gd", "GDScript", 0, 0, 0, 0, 41, 0, 0, 0, 9, 14, 64
"e:\Projects\ArkPvZ\scripts\garden\Item\garden_item_08_wheel_barrow.gd", "GDScript", 0, 0, 0, 0, 90, 0, 0, 0, 16, 24, 130
"e:\Projects\ArkPvZ\scripts\garden\Item\garden_item_base.gd", "GDScript", 0, 0, 0, 0, 34, 0, 0, 0, 5, 11, 50
"e:\Projects\ArkPvZ\scripts\garden\Item\garden_item_plant_cell_base.gd", "GDScript", 0, 0, 0, 0, 27, 0, 0, 0, 10, 6, 43
"e:\Projects\ArkPvZ\scripts\garden\Item\garden_item_plant_need_base.gd", "GDScript", 0, 0, 0, 0, 21, 0, 0, 0, 5, 9, 35
"e:\Projects\ArkPvZ\scripts\garden\garden_bg_page.gd", "GDScript", 0, 0, 0, 0, 39, 0, 0, 0, 6, 14, 59
"e:\Projects\ArkPvZ\scripts\garden\garden_flower_pot.gd", "GDScript", 0, 0, 0, 0, 29, 0, 0, 0, 2, 8, 39
"e:\Projects\ArkPvZ\scripts\garden\garden_manager.gd", "GDScript", 0, 0, 0, 0, 126, 0, 0, 0, 40, 40, 206
"e:\Projects\ArkPvZ\scripts\garden\garden_speech_bubble.gd", "GDScript", 0, 0, 0, 0, 26, 0, 0, 0, 1, 10, 37
"e:\Projects\ArkPvZ\scripts\garden\plant_cell_garden.gd", "GDScript", 0, 0, 0, 0, 144, 0, 0, 0, 42, 30, 216
"e:\Projects\ArkPvZ\scripts\garden\plant_cell_garden_aquarium.gd", "GDScript", 0, 0, 0, 0, 7, 0, 0, 0, 2, 4, 13
"e:\Projects\ArkPvZ\scripts\garden\stinky.gd", "GDScript", 0, 0, 0, 0, 6, 0, 0, 0, 3, 6, 15
"e:\Projects\ArkPvZ\scripts\garden\ui_item_button.gd", "GDScript", 0, 0, 0, 0, 9, 0, 0, 0, 1, 7, 17
"e:\Projects\ArkPvZ\scripts\main_game_canvas_layer\canvas_layer_card_slot.gd", "GDScript", 0, 0, 0, 0, 25, 0, 0, 0, 7, 10, 42
"e:\Projects\ArkPvZ\scripts\main_game_item\back_ground\main_game_home.gd", "GDScript", 0, 0, 0, 0, 27, 0, 0, 0, 4, 7, 38
"e:\Projects\ArkPvZ\scripts\main_game_item\back_ground\main_game_rain.gd", "GDScript", 0, 0, 0, 0, 7, 0, 0, 0, 0, 4, 11
"e:\Projects\ArkPvZ\scripts\main_game_item\back_ground\main_game_slope.gd", "GDScript", 0, 0, 0, 0, 27, 0, 0, 0, 7, 5, 39
"e:\Projects\ArkPvZ\scripts\main_game_item\back_ground\slope.gd", "GDScript", 0, 0, 0, 0, 54, 0, 0, 0, 19, 17, 90
"e:\Projects\ArkPvZ\scripts\main_game_item\brain_body.gd", "GDScript", 0, 0, 0, 0, 13, 0, 0, 0, 4, 4, 21
"e:\Projects\ArkPvZ\scripts\main_game_item\brain_on_zombie_mode.gd", "GDScript", 0, 0, 0, 0, 38, 0, 0, 0, 12, 16, 66
"e:\Projects\ArkPvZ\scripts\main_game_item\fog.gd", "GDScript", 0, 0, 0, 0, 152, 0, 0, 0, 34, 33, 219
"e:\Projects\ArkPvZ\scripts\main_game_item\ice_road.gd", "GDScript", 0, 0, 0, 0, 42, 0, 0, 0, 19, 12, 73
"e:\Projects\ArkPvZ\scripts\main_game_item\ice_zombie_effect.gd", "GDScript", 0, 0, 0, 0, 12, 0, 0, 0, 0, 7, 19
"e:\Projects\ArkPvZ\scripts\main_game_item\ladder.gd", "GDScript", 0, 0, 0, 0, 18, 0, 0, 0, 5, 7, 30
"e:\Projects\ArkPvZ\scripts\main_game_item\lawn_mover\lawn_mower.gd", "GDScript", 0, 0, 0, 0, 46, 0, 0, 0, 9, 14, 69
"e:\Projects\ArkPvZ\scripts\main_game_item\lawn_mover\pool_cleaner.gd", "GDScript", 0, 0, 0, 0, 49, 0, 0, 0, 13, 18, 80
"e:\Projects\ArkPvZ\scripts\main_game_item\lawn_mover\roof_cleaner.gd", "GDScript", 0, 0, 0, 0, 25, 0, 0, 0, 7, 11, 43
"e:\Projects\ArkPvZ\scripts\main_game_item\level_info.gd", "GDScript", 0, 0, 0, 0, 6, 0, 0, 0, 1, 3, 10
"e:\Projects\ArkPvZ\scripts\main_game_item\main_game_item_base.gd", "GDScript", 0, 0, 0, 0, 4, 0, 0, 0, 5, 3, 12
"e:\Projects\ArkPvZ\scripts\main_game_item\mini_game_items\hammer.gd", "GDScript", 0, 0, 0, 0, 81, 0, 0, 0, 17, 24, 122
"e:\Projects\ArkPvZ\scripts\main_game_item\mini_game_items\wallnut_bowling_stripe.gd", "GDScript", 0, 0, 0, 0, 29, 0, 0, 0, 7, 9, 45
"e:\Projects\ArkPvZ\scripts\main_game_item\plant_cell.gd", "GDScript", 0, 0, 0, 0, 372, 0, 0, 0, 142, 105, 619
"e:\Projects\ArkPvZ\scripts\main_game_item\pool.gd", "GDScript", 0, 0, 0, 0, 27, 0, 0, 0, 2, 8, 37
"e:\Projects\ArkPvZ\scripts\main_game_item\pot_all_vase_chunks.gd", "GDScript", 0, 0, 0, 0, 25, 0, 0, 0, 3, 7, 35
"e:\Projects\ArkPvZ\scripts\main_game_item\pot_hammer.gd", "GDScript", 0, 0, 0, 0, 10, 0, 0, 0, 1, 5, 16
"e:\Projects\ArkPvZ\scripts\main_game_item\pot_vase_chunks.gd", "GDScript", 0, 0, 0, 0, 40, 0, 0, 0, 7, 17, 64
"e:\Projects\ArkPvZ\scripts\main_game_item\present.gd", "GDScript", 0, 0, 0, 0, 30, 0, 0, 0, 3, 12, 45
"e:\Projects\ArkPvZ\scripts\main_game_item\real_shovel.gd", "GDScript", 0, 0, 0, 0, 9, 0, 0, 0, 0, 4, 13
"e:\Projects\ArkPvZ\scripts\main_game_item\scary_pot.gd", "GDScript", 0, 0, 0, 0, 232, 0, 0, 0, 51, 48, 331
"e:\Projects\ArkPvZ\scripts\main_game_item\splash.gd", "GDScript", 0, 0, 0, 0, 8, 0, 0, 0, 2, 2, 12
"e:\Projects\ArkPvZ\scripts\main_game_item\tombstone.gd", "GDScript", 0, 0, 0, 0, 56, 0, 0, 0, 8, 15, 79
"e:\Projects\ArkPvZ\scripts\main_game_item\zombies_row.gd", "GDScript", 0, 0, 0, 0, 5, 0, 0, 0, 2, 3, 10
"e:\Projects\ArkPvZ\scripts\manager\background_manager.gd", "GDScript", 0, 0, 0, 0, 34, 0, 0, 0, 7, 10, 51
"e:\Projects\ArkPvZ\scripts\manager\card_manager.gd", "GDScript", 0, 0, 0, 0, 150, 0, 0, 0, 31, 37, 218
"e:\Projects\ArkPvZ\scripts\manager\day_suns_manager.gd", "GDScript", 0, 0, 0, 0, 45, 0, 0, 0, 5, 21, 71
"e:\Projects\ArkPvZ\scripts\manager\drop_item_manager\dim_coin.gd", "GDScript", 0, 0, 0, 0, 25, 0, 0, 0, 6, 5, 36
"e:\Projects\ArkPvZ\scripts\manager\drop_item_manager\dim_garden_plant.gd", "GDScript", 0, 0, 0, 0, 10, 0, 0, 0, 3, 6, 19
"e:\Projects\ArkPvZ\scripts\manager\drop_item_manager\drop_item_manager.gd", "GDScript", 0, 0, 0, 0, 12, 0, 0, 0, 3, 8, 23
"e:\Projects\ArkPvZ\scripts\manager\game_item_manager\game_item_manager.gd", "GDScript", 0, 0, 0, 0, 14, 0, 0, 0, 3, 6, 23
"e:\Projects\ArkPvZ\scripts\manager\game_item_manager\gim_brain.gd", "GDScript", 0, 0, 0, 0, 28, 0, 0, 0, 9, 10, 47
"e:\Projects\ArkPvZ\scripts\manager\game_item_manager\gim_lawn_mover.gd", "GDScript", 0, 0, 0, 0, 79, 0, 0, 0, 11, 16, 106
"e:\Projects\ArkPvZ\scripts\manager\game_item_manager\gim_other.gd", "GDScript", 0, 0, 0, 0, 17, 0, 0, 0, 8, 7, 32
"e:\Projects\ArkPvZ\scripts\manager\hand_manager\hand_manager.gd", "GDScript", 0, 0, 0, 0, 82, 0, 0, 0, 16, 14, 112
"e:\Projects\ArkPvZ\scripts\manager\hand_manager\hm_character.gd", "GDScript", 0, 0, 0, 0, 184, 0, 0, 0, 49, 42, 275
"e:\Projects\ArkPvZ\scripts\manager\hand_manager\hm_item.gd", "GDScript", 0, 0, 0, 0, 56, 0, 0, 0, 13, 15, 84
"e:\Projects\ArkPvZ\scripts\manager\hand_manager\hm_null.gd", "GDScript", 0, 0, 0, 0, 21, 0, 0, 0, 5, 7, 33
"e:\Projects\ArkPvZ\scripts\manager\main_game_date.gd", "GDScript", 0, 0, 0, 0, 1, 0, 0, 0, 1, 3, 5
"e:\Projects\ArkPvZ\scripts\manager\main_game_manager.gd", "GDScript", 0, 0, 0, 0, 333, 0, 0, 0, 151, 92, 576
"e:\Projects\ArkPvZ\scripts\manager\main_game_sub_manager.gd", "GDScript", 0, 0, 0, 0, 15, 0, 0, 0, 3, 5, 23
"e:\Projects\ArkPvZ\scripts\manager\plant_cell_manager\plant_cell_manager.gd", "GDScript", 0, 0, 0, 0, 338, 0, 0, 0, 123, 79, 540
"e:\Projects\ArkPvZ\scripts\manager\plant_cell_manager\tomb_stone_manager.gd", "GDScript", 0, 0, 0, 0, 76, 0, 0, 0, 27, 32, 135
"e:\Projects\ArkPvZ\scripts\manager\zombie_manager\zm_hammer_zombie_manager.gd", "GDScript", 0, 0, 0, 0, 106, 0, 0, 0, 26, 28, 160
"e:\Projects\ArkPvZ\scripts\manager\zombie_manager\zm_zombie_choose_row_system.gd", "GDScript", 0, 0, 0, 0, 79, 0, 0, 0, 19, 24, 122
"e:\Projects\ArkPvZ\scripts\manager\zombie_manager\zm_zombie_show_in_start.gd", "GDScript", 0, 0, 0, 0, 37, 0, 0, 0, 10, 8, 55
"e:\Projects\ArkPvZ\scripts\manager\zombie_manager\zm_zombie_wave_create_manager.gd", "GDScript", 0, 0, 0, 0, 248, 0, 0, 0, 71, 53, 372
"e:\Projects\ArkPvZ\scripts\manager\zombie_manager\zm_zombie_wave_manager.gd", "GDScript", 0, 0, 0, 0, 94, 0, 0, 0, 37, 26, 157
"e:\Projects\ArkPvZ\scripts\manager\zombie_manager\zm_zombie_wave_refresh_manager.gd", "GDScript", 0, 0, 0, 0, 96, 0, 0, 0, 39, 21, 156
"e:\Projects\ArkPvZ\scripts\manager\zombie_manager\zombie_manager.gd", "GDScript", 0, 0, 0, 0, 238, 0, 0, 0, 89, 66, 393
"e:\Projects\ArkPvZ\scripts\resources\crazy_dave_dialog_detail_resource.gd", "GDScript", 0, 0, 0, 0, 7, 0, 0, 0, 6, 3, 16
"e:\Projects\ArkPvZ\scripts\resources\crazy_dave_dialog_resource.gd", "GDScript", 0, 0, 0, 0, 10, 0, 0, 0, 9, 3, 22
"e:\Projects\ArkPvZ\scripts\resources\level\level_data.gd", "GDScript", 0, 0, 0, 0, 298, 0, 0, 0, 75, 60, 433
"e:\Projects\ArkPvZ\scripts\resources\level\pre_plant_in_level.gd", "GDScript", 0, 0, 0, 0, 5, 0, 0, 0, 4, 3, 12
"e:\Projects\ArkPvZ\scripts\resources\plant_condition\condition_000_plant_base.gd", "GDScript", 0, 0, 0, 0, 58, 0, 0, 0, 21, 15, 94
"e:\Projects\ArkPvZ\scripts\resources\plant_condition\condition_012_grave_buster.gd", "GDScript", 0, 0, 0, 0, 7, 0, 0, 0, 2, 2, 11
"e:\Projects\ArkPvZ\scripts\resources\plant_condition\condition_017_lily_pad.gd", "GDScript", 0, 0, 0, 0, 8, 0, 0, 0, 5, 2, 15
"e:\Projects\ArkPvZ\scripts\resources\plant_condition\condition_036_coffee_bean.gd", "GDScript", 0, 0, 0, 0, 7, 0, 0, 0, 2, 3, 12
"e:\Projects\ArkPvZ\scripts\resources\plant_condition\condition_048_CobCannon.gd", "GDScript", 0, 0, 0, 0, 16, 0, 0, 0, 5, 4, 25
"e:\Projects\ArkPvZ\scripts\resources\resource_body_change.gd", "GDScript", 0, 0, 0, 0, 27, 0, 0, 0, 6, 11, 44
"e:\Projects\ArkPvZ\scripts\resources\save_game\save_game_main_game.gd", "GDScript", 0, 0, 0, 0, 14, 0, 0, 0, 4, 6, 24
"e:\Projects\ArkPvZ\scripts\resources\save_game\save_game_plant_cell.gd", "GDScript", 0, 0, 0, 0, 5, 0, 0, 0, 4, 2, 11
"e:\Projects\ArkPvZ\scripts\resources\save_game\save_game_plant_cell_manager.gd", "GDScript", 0, 0, 0, 0, 5, 0, 0, 0, 5, 4, 14
"e:\Projects\ArkPvZ\scripts\start_menu\garden_water_flag.gd", "GDScript", 0, 0, 0, 0, 36, 0, 0, 0, 3, 9, 48
"e:\Projects\ArkPvZ\scripts\start_menu\one_user_button.gd", "GDScript", 0, 0, 0, 0, 12, 0, 0, 0, 2, 5, 19
"e:\Projects\ArkPvZ\scripts\start_menu\panel_create_new_user.gd", "GDScript", 0, 0, 0, 0, 22, 0, 0, 0, 2, 9, 33
"e:\Projects\ArkPvZ\scripts\start_menu\panel_rename_user.gd", "GDScript", 0, 0, 0, 0, 23, 0, 0, 0, 2, 9, 34
"e:\Projects\ArkPvZ\scripts\start_menu\start_menu_flower_button.gd", "GDScript", 0, 0, 0, 0, 44, 0, 0, 0, 11, 19, 74
"e:\Projects\ArkPvZ\scripts\start_menu\user.gd", "GDScript", 0, 0, 0, 0, 92, 0, 0, 0, 15, 24, 131
"e:\Projects\ArkPvZ\scripts\start_menu\wood_sign.gd", "GDScript", 0, 0, 0, 0, 8, 0, 0, 0, 0, 7, 15
"e:\Projects\ArkPvZ\scripts\store\goods.gd", "GDScript", 0, 0, 0, 0, 45, 0, 0, 0, 18, 12, 75
"e:\Projects\ArkPvZ\scripts\store\goods_garden_bg.gd", "GDScript", 0, 0, 0, 0, 11, 0, 0, 0, 3, 5, 19
"e:\Projects\ArkPvZ\scripts\store\goods_garden_sprout.gd", "GDScript", 0, 0, 0, 0, 4, 0, 0, 0, 1, 3, 8
"e:\Projects\ArkPvZ\scripts\store\store_confirm_goods.gd", "GDScript", 0, 0, 0, 0, 19, 0, 0, 0, 5, 9, 33
"e:\Projects\ArkPvZ\scripts\store\store_manager.gd", "GDScript", 0, 0, 0, 0, 19, 0, 0, 0, 4, 6, 29
"e:\Projects\ArkPvZ\scripts\ui\PVZ_button_base.gd", "GDScript", 0, 0, 0, 0, 20, 0, 0, 0, 3, 10, 33
"e:\Projects\ArkPvZ\scripts\ui\card\all_cards.gd", "GDScript", 0, 0, 0, 0, 48, 0, 0, 0, 70, 10, 128
"e:\Projects\ArkPvZ\scripts\ui\card\card.gd", "GDScript", 0, 0, 0, 0, 115, 0, 0, 0, 39, 30, 184
"e:\Projects\ArkPvZ\scripts\ui\card\card_base.gd", "GDScript", 0, 0, 0, 0, 50, 0, 0, 0, 12, 13, 75
"e:\Projects\ArkPvZ\scripts\ui\card\card_candidate_container.gd", "GDScript", 0, 0, 0, 0, 13, 0, 0, 0, 3, 6, 22
"e:\Projects\ArkPvZ\scripts\ui\card\card_imitater.gd", "GDScript", 0, 0, 0, 0, 12, 0, 0, 0, 5, 5, 22
"e:\Projects\ArkPvZ\scripts\ui\card\card_slot\card_random_pool.gd", "GDScript", 0, 0, 0, 0, 48, 0, 0, 0, 13, 10, 71
"e:\Projects\ArkPvZ\scripts\ui\card\card_slot\card_slot_coin\card_slot_battle_coin.gd", "GDScript", 0, 0, 0, 0, 93, 0, 0, 0, 18, 21, 132
"e:\Projects\ArkPvZ\scripts\ui\card\card_slot\card_slot_coin\card_slot_coin.gd", "GDScript", 0, 0, 0, 0, 39, 0, 0, 0, 11, 9, 59
"e:\Projects\ArkPvZ\scripts\ui\card\card_slot\card_slot_conveyor\card_slot_conveyor_belt.gd", "GDScript", 0, 0, 0, 0, 93, 0, 0, 0, 29, 25, 147
"e:\Projects\ArkPvZ\scripts\ui\card\card_slot\card_slot_conveyor\card_slot_conveyor_belt_gear.gd", "GDScript", 0, 0, 0, 0, 9, 0, 0, 0, 2, 6, 17
"e:\Projects\ArkPvZ\scripts\ui\card\card_slot\card_slot_norm\card_slot_battle.gd", "GDScript", 0, 0, 0, 0, 66, 0, 0, 0, 16, 15, 97
"e:\Projects\ArkPvZ\scripts\ui\card\card_slot\card_slot_norm\card_slot_candidate.gd", "GDScript", 0, 0, 0, 0, 151, 0, 0, 0, 47, 50, 248
"e:\Projects\ArkPvZ\scripts\ui\card\card_slot\card_slot_norm\card_slot_norm.gd", "GDScript", 0, 0, 0, 0, 151, 0, 0, 0, 40, 32, 223
"e:\Projects\ArkPvZ\scripts\ui\card\card_slot\card_slot_root.gd", "GDScript", 0, 0, 0, 0, 17, 0, 0, 0, 7, 4, 28
"e:\Projects\ArkPvZ\scripts\ui\card\card_slot\card_slot_seed_rain.gd", "GDScript", 0, 0, 0, 0, 54, 0, 0, 0, 10, 13, 77
"e:\Projects\ArkPvZ\scripts\ui\card\shovel_in_ui.gd", "GDScript", 0, 0, 0, 0, 8, 0, 0, 0, 1, 4, 13
"e:\Projects\ArkPvZ\scripts\ui\coin\coin.gd", "GDScript", 0, 0, 0, 0, 90, 0, 0, 0, 14, 24, 128
"e:\Projects\ArkPvZ\scripts\ui\coin\coin_bank.gd", "GDScript", 0, 0, 0, 0, 18, 0, 0, 0, 1, 7, 26
"e:\Projects\ArkPvZ\scripts\ui\dialog.gd", "GDScript", 0, 0, 0, 0, 10, 0, 0, 0, 0, 5, 15
"e:\Projects\ArkPvZ\scripts\ui\dialog_confirm.gd", "GDScript", 0, 0, 0, 0, 26, 0, 0, 0, 9, 12, 47
"e:\Projects\ArkPvZ\scripts\ui\dialog_error.gd", "GDScript", 0, 0, 0, 0, 5, 0, 0, 0, 0, 3, 8
"e:\Projects\ArkPvZ\scripts\ui\main_game_ui\label_zombie_sum.gd", "GDScript", 0, 0, 0, 0, 9, 0, 0, 0, 0, 4, 13
"e:\Projects\ArkPvZ\scripts\ui\main_game_ui\main_game_menu_button.gd", "GDScript", 0, 0, 0, 0, 5, 0, 0, 0, 1, 2, 8
"e:\Projects\ArkPvZ\scripts\ui\main_game_ui\sun.gd", "GDScript", 0, 0, 0, 0, 50, 0, 0, 0, 8, 16, 74
"e:\Projects\ArkPvZ\scripts\ui\main_game_ui\trophy.gd", "GDScript", 0, 0, 0, 0, 37, 0, 0, 0, 3, 12, 52
"e:\Projects\ArkPvZ\scripts\ui\main_game_ui\ui_flag_progress_bar.gd", "GDScript", 0, 0, 0, 0, 61, 0, 0, 0, 29, 26, 116
"e:\Projects\ArkPvZ\scripts\ui\main_game_ui\ui_flag_progress_bar_flag.gd", "GDScript", 0, 0, 0, 0, 7, 0, 0, 0, 1, 5, 13
"e:\Projects\ArkPvZ\scripts\ui\main_game_ui\ui_remind_word.gd", "GDScript", 0, 0, 0, 0, 32, 0, 0, 0, 7, 9, 48
"e:\Projects\ArkPvZ\scripts\ui\reminder_information.gd", "GDScript", 0, 0, 0, 0, 11, 0, 0, 0, 2, 6, 19
"e:\Projects\ArkPvZ\scripts\ui\start_menu\start_menu_option_dialog.gd", "GDScript", 0, 0, 0, 0, 24, 0, 0, 0, 4, 14, 42
"e:\Projects\ArkPvZ\scripts\ui\start_menu\start_menu_root.gd", "GDScript", 0, 0, 0, 0, 50, 0, 0, 0, 15, 27, 92
"e:\Projects\ArkPvZ\scripts\ui\ui_main_game_menu\canvas_layer_control.gd", "GDScript", 0, 0, 0, 0, 64, 0, 0, 0, 6, 23, 93
"e:\Projects\ArkPvZ\scripts\ui\ui_main_game_menu\main_game_menu_option_dialog.gd", "GDScript", 0, 0, 0, 0, 57, 0, 0, 0, 13, 24, 94
"e:\Projects\ArkPvZ\scripts\util\image_combiner.gd", "GDScript", 0, 0, 0, 0, 12, 0, 0, 0, 40, 8, 60
"e:\Projects\ArkPvZ\shader_material\body_mask.tres", "GDResource", 5, 0, 0, 0, 0, 0, 0, 0, 0, 3, 8
"e:\Projects\ArkPvZ\shader_material\imitater.tres", "GDResource", 8, 0, 0, 0, 0, 0, 0, 0, 0, 3, 11
"e:\Projects\ArkPvZ\shaders\Mypartical.gdshader", "gdshader", 0, 0, 0, 137, 0, 0, 0, 0, 37, 34, 208
"e:\Projects\ArkPvZ\shaders\README.md", "Markdown", 0, 0, 2, 0, 0, 0, 0, 0, 0, 1, 3
"e:\Projects\ArkPvZ\shaders\alpha.gdshader", "gdshader", 0, 0, 0, 7, 0, 0, 0, 0, 6, 5, 18
"e:\Projects\ArkPvZ\shaders\bright.gdshader", "gdshader", 0, 0, 0, 14, 0, 0, 0, 0, 6, 6, 26
"e:\Projects\ArkPvZ\shaders\my_shader\body_mask.gdshader", "gdshader", 0, 0, 0, 10, 0, 0, 0, 0, 1, 4, 15
"e:\Projects\ArkPvZ\shaders\my_shader\full_fog.gdshader", "gdshader", 0, 0, 0, 60, 0, 0, 0, 0, 21, 20, 101
"e:\Projects\ArkPvZ\shaders\my_shader\imitater.gdshader", "gdshader", 0, 0, 0, 22, 0, 0, 0, 0, 7, 13, 42
"e:\Projects\ArkPvZ\shaders\my_shader\main_game_pool.gdshader", "gdshader", 0, 0, 0, 55, 0, 0, 0, 0, 18, 21, 94
"e:\Projects\ArkPvZ\shaders\my_shader\main_game_rain.gdshader", "gdshader", 0, 0, 0, 35, 0, 0, 0, 0, 31, 15, 81
"e:\Projects\ArkPvZ\shaders\my_shader\pool_drop.gdshader", "gdshader", 0, 0, 0, 43, 0, 0, 0, 0, 12, 20, 75
"e:\Projects\ArkPvZ\shaders\my_shader\weather_fog.gdshader", "gdshader", 0, 0, 0, 10, 0, 0, 0, 0, 9, 6, 25
"e:\Projects\ArkPvZ\shaders\my_shader\weather_fog2.gdshader", "gdshader", 0, 0, 0, 74, 0, 0, 0, 0, 1, 13, 88
"e:\Projects\ArkPvZ\shaders\particals.gdshaderinc", "gdshader", 0, 0, 0, 108, 0, 0, 0, 0, 49, 29, 186
"e:\Projects\ArkPvZ\shaders\particals_paramaters.gdshaderinc", "gdshader", 0, 0, 0, 50, 0, 0, 0, 0, 3, 7, 60
"e:\Projects\ArkPvZ\shaders\particals_paramaters_structs.gdshaderinc", "gdshader", 0, 0, 0, 72, 0, 0, 0, 0, 14, 12, 98
"e:\Projects\ArkPvZ\shaders\public.gdshaderinc", "gdshader", 0, 0, 0, 7, 0, 0, 0, 0, 0, 1, 8
"e:\Projects\ArkPvZ\shaders\random_seed.gdshaderinc", "gdshader", 0, 0, 0, 16, 0, 0, 0, 0, 0, 6, 22
"e:\Projects\ArkPvZ\test\104_0_0011.tres", "GDResource", 441, 0, 0, 0, 0, 0, 0, 0, 0, 49, 490
"e:\Projects\ArkPvZ\test\LawnMoweredZombie.tscn", "GDScene", 0, 100, 0, 0, 0, 0, 0, 0, 0, 6, 106
"Total", "-", 704446, 117405, 444, 728, 23420, 344, 766, 145, 5301, 20590, 873589